"","Reef_2","Site","Transect","Depth_m","Habitat","Aspect_descriptive","Benthic_Complexity","cropper","browser","detritivore","excavator","scraper"
"1","Bougainville","BOUG-01","T1",65,"outer_slope","steep_slope",5,0.689259888429806,0,0,0,0
"2","Bougainville","BOUG-01","T10",54.7,"outer_slope","steep_slope",5,0,0,0,0,0.974372018303905
"3","Bougainville","BOUG-01","T11",47.4,"outer_slope","wall",5,0,0,0,0,0
"4","Bougainville","BOUG-01","T12",45.5,"outer_slope","steep_slope",5,0.0935228232940356,0,0,0,0.180426725881514
"5","Bougainville","BOUG-01","T13",45,"outer_slope","wall",4,0,0,0,0,0
"6","Bougainville","BOUG-01","T14",43.7,"outer_slope","steep_slope",5,0,0,0,0,0
"7","Bougainville","BOUG-01","T15",38.6,"outer_slope","wall",4,0,0,0,0,0
"8","Bougainville","BOUG-01","T16",36.4,"outer_slope","wall",5,1.75334584301376,0,0,0,0.132041354512413
"9","Bougainville","BOUG-01","T17",35.1,"outer_slope","wall",5,1.90052699559577,0,0.0377814871424865,0,0
"10","Bougainville","BOUG-01","T18",28.5,"outer_slope","wall",4,0.803928907382554,0,0,0,0
"11","Bougainville","BOUG-01","T19",22.3,"outer_slope","wall",3,0.0255171150169553,0,0,0,0
"12","Bougainville","BOUG-01","T2",66.7,"outer_slope","wall",5,0.105781855835909,0,0,0,0.891935904535162
"13","Bougainville","BOUG-01","T3",66.3,"outer_slope","wall",5,0,0,0,0,0
"14","Bougainville","BOUG-01","T4",67.8,"outer_slope","wall",5,0,0,0,0,3.16514681755873
"15","Bougainville","BOUG-01","T5",67.3,"outer_slope","steep_slope",5,0,0,0,0,0
"16","Bougainville","BOUG-01","T6",58.1,"outer_slope","steep_slope",4,0.0510760336308682,0,0,0,3.00853019898864
"17","Bougainville","BOUG-01","T7",57.8,"outer_slope","steep_slope",5,0.185730531798434,0,0,0,0
"18","Bougainville","BOUG-01","T8",57.2,"outer_slope","steep_slope",5,0.138460936299988,0,0,0,0
"19","Bougainville","BOUG-01","T9",57.4,"outer_slope","steep_slope",5,0,0,0,0,0
"20","Bougainville","BOUG-02","T1",67.1,"outer_slope","steep_slope",3,0.283728264862032,0,0,1.25634317491982,0
"21","Bougainville","BOUG-02","T10",52.1,"outer_slope","steep_slope",3,0.0961200713570489,0.630385598045693,0.116296262444106,0,0
"22","Bougainville","BOUG-02","T11",47.6,"outer_slope","steep_slope",3,0.0441061382090779,0,0,0,0
"23","Bougainville","BOUG-02","T12",47,"outer_slope","steep_slope",3,0,0,0,0,0
"24","Bougainville","BOUG-02","T13",45.8,"outer_slope","steep_slope",3,0.103005899786818,0,0.129483976772563,0,0
"25","Bougainville","BOUG-02","T14",45,"outer_slope","moderate_slope",3,0.394686830602343,0,0,0,0
"26","Bougainville","BOUG-02","T15",44.9,"outer_slope","wall",3,0.125396229611314,0,0,0,0
"27","Bougainville","BOUG-02","T16",37.2,"outer_slope","wall",3,0,0,0,0,0
"28","Bougainville","BOUG-02","T17",35.1,"outer_slope","wall",3,0,0,0,0,0
"29","Bougainville","BOUG-02","T18",33.1,"outer_slope","wall",3,0,0,0,0,0.258901017767417
"30","Bougainville","BOUG-02","T19",32.5,"outer_slope","steep_slope",3,0.437332145654987,0,0.121046405953587,0,6.78923005459136
"31","Bougainville","BOUG-02","T2",67.1,"outer_slope","steep_slope",3,0.257682155757259,0,0,7.36112329161266,0
"32","Bougainville","BOUG-02","T20",31.1,"outer_slope","moderate_slope",3,0.307409417196964,0,0.118707188256175,7.65136459681358,4.64856479368574
"33","Bougainville","BOUG-02","T21",28.4,"outer_slope","wall",3,0.171943365179365,0,0.0837288893526342,5.21830082656954,0
"34","Bougainville","BOUG-02","T22",27.3,"outer_slope","wall",3,0.151830539770437,0,0.1105832832159,0,1.49871144698272
"35","Bougainville","BOUG-02","T23",24.8,"outer_slope","steep_slope",3,0.0890587809743137,0,0.0618581223935215,3.67092726319299,0
"36","Bougainville","BOUG-02","T24",24.2,"outer_slope","wall",3,0.322051425439928,0,0,0,0
"37","Bougainville","BOUG-02","T25",22.3,"outer_slope","steep_slope",3,1.40524648459739,0.357757739582207,0,2.37498217166665,2.57025503812378
"38","Bougainville","BOUG-02","T26",15.4,"outer_slope","moderate_slope",3,0.198788688449255,0,0,1.86063296748491,0
"39","Bougainville","BOUG-02","T27",13.4,"outer_slope","steep_slope",3,0.178808566689898,1.04340266997363,0.25710813844149,0,6.56713263172916
"40","Bougainville","BOUG-02","T28",9.8,"outer_slope","steep_slope",2,0.237196591055657,0,0,0,1.7185039088012
"41","Bougainville","BOUG-02","T3",64.5,"outer_slope","steep_slope",3,0,0,0,1.27169928358529,2.94450735006269
"42","Bougainville","BOUG-02","T4",63.8,"outer_slope","steep_slope",3,0,0,0,0,0
"43","Bougainville","BOUG-02","T5",63,"outer_slope","wall",3,0,0,0.127325555945208,0,0
"44","Bougainville","BOUG-02","T6",58.4,"outer_slope","moderate_slope",4,0.0143126661776469,0,0,0,0
"45","Bougainville","BOUG-02","T7",57.7,"outer_slope","moderate_slope",4,0.0220816061853593,0,0,0,0
"46","Bougainville","BOUG-02","T8",55.3,"outer_slope","moderate_slope",4,0.747357465998704,0.40039326685488,0.329069133265333,5.00181936164426,5.75184735826877
"47","Bougainville","BOUG-02","T9",53.6,"outer_slope","moderate_slope",4,0.1206138303995,0,0,0.349877005385192,0
"48","Chilcott","CHIL-01","T1",36.5,"lagoon","flat",1,0,0,0,0,0
"49","East Holmes","HOLM-02","T1",62.7,"outer_slope","steep_slope",3,0.108923962033466,0,0,0,0
"50","East Holmes","HOLM-02","T10",37,"outer_slope","gentle_slope",2,0.723989083794431,0,0.189990670587138,0,0.357576058461902
"51","East Holmes","HOLM-02","T11",35,"outer_slope","gentle_slope",2,8.78758542476022,0.786793462131698,0.141363826256889,0,0.273813235747524
"52","East Holmes","HOLM-02","T12",31.2,"outer_slope","gentle_slope",2,2.53184878731756,0,0.136412890052909,0,0.637349476474459
"53","East Holmes","HOLM-02","T13",28,"outer_slope","gentle_slope",2,1.12917237471175,0,1.13831833705506,0,0.832081269946049
"54","East Holmes","HOLM-02","T2",63.7,"outer_slope","steep_slope",3,0.408853666982107,0,0,0,0
"55","East Holmes","HOLM-02","T3",64.2,"outer_slope","steep_slope",4,0,0,0,0,0
"56","East Holmes","HOLM-02","T4",63.2,"outer_slope","steep_slope",4,0.0834092725273215,0.894953568128912,0,0,0
"57","East Holmes","HOLM-02","T5",63.1,"outer_slope","steep_slope",3,0,0,0,0,0
"58","East Holmes","HOLM-02","T6",56.6,"outer_slope","steep_slope",3,0.355033098358064,0,0,0,0
"59","East Holmes","HOLM-02","T7",54.5,"outer_slope","steep_slope",4,2.11767515435636,0,0,0,0
"60","East Holmes","HOLM-02","T8",46.6,"outer_slope","wall",4,0,0,0,0,0
"61","East Holmes","HOLM-02","T9",45,"outer_slope","wall",4,0.142829336463185,0,0,0,0
"62","Frederick","FRED-01","T1",34.8,"inner_reef","gentle_slope",1,0.623580541947135,0,0.140414190451389,0,0
"63","Frederick","FRED-01","T2",40,"inner_reef","flat",1,0,0,0,0,0
"64","Hermit Crab Islet","HERM-01","T1",46.2,"lagoon","flat",1,2.3981529738193,0,0.162188744926849,0,3.91916814102018
"65","Hermit Crab Islet","HERM-01","T2",46.6,"lagoon","flat",1,0.648505243429968,0,0,0,0.231433500800916
"66","Hermit Crab Islet","HERM-01","T4",47.1,"lagoon","flat",0,0.0264919121968934,0,0,0,0
"67","Hermit Crab Islet","HERM-01","T5",46.4,"lagoon","flat",1,2.41677846823558,0,0,0,0
"68","Hermit Crab Islet","HERM-01","T7",47.7,"lagoon","flat",1,1.19821897427475,0,0.10734581346813,0,0
"69","Hermit Crab Islet","HERM-01","T8",47.9,"lagoon","flat",1,1.40543383951985,0,0,0,2.59448376662767
"70","Hermit Crab Islet","HERM-01","T9",48.9,"lagoon","flat",0,0,0,0,0,0
"71","Kenn","KENN-01","T1",40.8,"outer_slope","steep_slope",4,0.403807603775131,1.60071560344504,0.488281733776473,0,1.05403709670636
"72","Kenn","KENN-01","T2",31.1,"outer_slope","steep_slope",4,0.697487342821366,0,0.235274057197993,0.57179644317835,1.12999659506822
"73","Kenn","KENN-01","T3",31.4,"outer_slope","gentle_slope",3,3.3535079330744,6.57527160695225,0.430198272262806,4.28113213807634,2.60399964902105
"74","Kenn","KENN-01","T4",32.3,"outer_slope","gentle_slope",3,0.59968789231344,0,0,0,0
"75","Lorna Cay","LORN-01","T1",45.1,"outer_slope","flat",2,0.700486635999493,0,0.49736946446789,0,0.952494782841456
"76","Lorna Cay","LORN-01","T10",50.1,"outer_slope","steep_slope",1,0,0,0,0,0
"77","Lorna Cay","LORN-01","T11",50.1,"outer_slope","steep_slope",3,0,0,0,0,0
"78","Lorna Cay","LORN-01","T12",55.6,"outer_slope","steep_slope",4,0,0,0,0,0.256806181599603
"79","Lorna Cay","LORN-01","T13",55.2,"outer_slope","steep_slope",3,0,0,0.402133874407231,0,0.619522531906232
"80","Lorna Cay","LORN-01","T2",31.2,"outer_slope","flat",1,0,0,0,0,0
"81","Lorna Cay","LORN-01","T3",30.8,"outer_slope","flat",2,0,0,0,0,0
"82","Lorna Cay","LORN-01","T4",33,"outer_slope","flat",2,0,0,0,0,0
"83","Lorna Cay","LORN-01","T5",31.7,"outer_slope","flat",2,0.0346963353255065,0,0,0,0
"84","Lorna Cay","LORN-01","T6",32.5,"outer_slope","flat",2,0.270355199488452,0,0.135381691659435,0,0.296721851963723
"85","Lorna Cay","LORN-01","T7",36.5,"outer_slope","flat",3,0.816071517163671,0,0,0,0
"86","Lorna Cay","LORN-01","T8",40,"outer_slope","gentle_slope",3,2.26135253361465,1.04660901805803,0.30241484754864,0,0
"87","Lorna Cay","LORN-01","T9",44.8,"outer_slope","gentle_slope",2,2.15471018669997,0,0.124120777711496,0,0
"88","Marion","MARI-01","T1",33.9,"lagoon","flat",2,0.0998672827252601,0,0.449683355873729,0,0.48358498575538
"89","Marion","MARI-01","T3",34.7,"lagoon","flat",0,0,0,0,0,0
"90","Marion","MARI-01","T5",34.9,"lagoon","flat",1,0,0,0,0,0
"91","Marion","MARI-01","T6",35,"lagoon","flat",1,0.13692991899916,0,0.257202102498616,0,0.543660286819802
"92","Marion","MARI-01","T7",34.9,"lagoon","flat",1,0,0,0,0,0
"93","Marion","MARI-01","T8",35.1,"lagoon","flat",0,0,0,0,0,0
"94","North Flinders","FLIN-02","T1",42.1,"lagoon","flat",0,0,0,0,0,0
"95","North Flinders","FLIN-02","T2",40.2,"lagoon","flat",1,0,0,0,0,0
"96","North Flinders","FLIN-02","T3",40,"lagoon","flat",0,0,0,0,0,0
"97","North Flinders","FLIN-02","T4",40,"lagoon","flat",0,0,0,0.0554560204735062,0,0
"98","North Flinders","FLIN-02","T5",41.5,"lagoon","flat",0,0.0498070659665222,0,0,0,0
"99","North Flinders","FLIN-02","T6",43.3,"lagoon","flat",0,4.93317918690314,0,0,0,0
"100","North Flinders","FLIN-02","T7",44,"lagoon","flat",1,0.112664078641074,0,0,0.211882790808785,0
"101","Osprey","OSPR-01","T1",87.6,"outer_slope","wall",3,0,0,0,0,0
"102","Osprey","OSPR-01","T1",94,"outer_slope","wall",3,0,0,0,0,0
"103","Osprey","OSPR-01","T10",56.2,"outer_slope","wall",3,0,0,0,0,0
"104","Osprey","OSPR-01","T10",90.4,"outer_slope","steep_slope",3,0,0,0,0,0
"105","Osprey","OSPR-01","T11",47.3,"outer_slope","wall",3,0,0,0,0,0
"106","Osprey","OSPR-01","T11",93.9,"outer_slope","wall",3,0,0,0,0,0
"107","Osprey","OSPR-01","T12",44.7,"outer_slope","wall",4,0.0136175670467899,0,0,0,0
"108","Osprey","OSPR-01","T13",43.2,"outer_slope","wall",4,0,0,0,0,0
"109","Osprey","OSPR-01","T13",77,"outer_slope","steep_slope",3,0,0,0,0,0
"110","Osprey","OSPR-01","T14",55,"outer_slope","steep_slope",3,0.490034716277486,0,0,0.0519997249156413,0
"111","Osprey","OSPR-01","T14",70.9,"outer_slope","steep_slope",3,0,0,0,0,0
"112","Osprey","OSPR-01","T15",52.4,"outer_slope","steep_slope",4,0.0541933602631763,0,0,1.60999394598541,0.321969527238908
"113","Osprey","OSPR-01","T15",70.2,"outer_slope","steep_slope",3,0,0,0,0,0
"114","Osprey","OSPR-01","T16",38.2,"outer_slope","wall",3,0.181538400138144,0,0,0,0.380912679441037
"115","Osprey","OSPR-01","T16",66.2,"outer_slope","steep_slope",3,0.230186382832285,0,0,0,0
"116","Osprey","OSPR-01","T17",35.3,"outer_slope","steep_slope",3,0.290770076470799,0.898496172805912,0.0397725742790147,0,0.528635095382916
"117","Osprey","OSPR-01","T17",64.6,"outer_slope","steep_slope",3,0,0,0,0,0
"118","Osprey","OSPR-01","T18",33.3,"outer_slope","wall",3,0.15555305184167,0,0.0501546153641876,0,0
"119","Osprey","OSPR-01","T18",57.2,"outer_slope","steep_slope",2,0,0,0,0,0
"120","Osprey","OSPR-01","T19",28.2,"outer_slope","wall",3,0.163171231175488,1.48979131635871,0,1.63125548669272,1.70902473118079
"121","Osprey","OSPR-01","T19",53.2,"outer_slope","steep_slope",3,0,2.4938879506975,0,0,0
"122","Osprey","OSPR-01","T2",85.1,"outer_slope","steep_slope",3,0,0,0,0,0
"123","Osprey","OSPR-01","T2",98.8,"outer_slope","wall",4,0,0,0,0,0
"124","Osprey","OSPR-01","T20",25.1,"outer_slope","steep_slope",3,0,0,0,0,0
"125","Osprey","OSPR-01","T20",64.6,"outer_slope","steep_slope",3,0,0,0,0,0
"126","Osprey","OSPR-01","T21",21.8,"outer_slope","steep_slope",3,1.06476358615162,1.39271952739023,0.0529049725325839,0.332422892609202,0.2612479303808
"127","Osprey","OSPR-01","T21",52.8,"outer_slope","steep_slope",4,0.00882166086984377,0,0,4.13873279062148,0
"128","Osprey","OSPR-01","T22",18.8,"outer_slope","wall",3,1.06475051502323,0,0,0,0.589767026026416
"129","Osprey","OSPR-01","T22",47.8,"outer_slope","moderate_slope",2,0.550137365773551,0,0.233584203527831,0,0
"130","Osprey","OSPR-01","T23",16.4,"outer_slope","wall",3,0.181724020365905,0,0,2.01720574458813,0.170076603874925
"131","Osprey","OSPR-01","T23",44.7,"outer_slope","moderate_slope",1,0,0,0,0,0
"132","Osprey","OSPR-01","T24",14.1,"outer_slope","wall",3,0.343888788103219,0,0.816280381861542,0,0
"133","Osprey","OSPR-01","T24",41.2,"outer_slope","wall",4,0.0481521478934961,0,0,0,0
"134","Osprey","OSPR-01","T25",9.1,"outer_slope","wall",3,0.764812109416147,0,1.2567774780121,22.2374433026237,0.151052801387134
"135","Osprey","OSPR-01","T25",32.8,"outer_slope","moderate_slope",3,0.0240107798316314,0,0.0597062087559106,0,0
"136","Osprey","OSPR-01","T26",7.1,"outer_slope","wall",3,0,0,1.14921656334522,1.29154456079843,0.897711457221042
"137","Osprey","OSPR-01","T26",35.7,"outer_slope","gentle_slope",3,0.0493071708665345,0,0.0538504209345238,0,0
"138","Osprey","OSPR-01","T27",7,"outer_slope","steep_slope",3,0,1.05063375560715,0.920965905615176,4.64410357553092,0
"139","Osprey","OSPR-01","T27",36.6,"outer_slope","moderate_slope",3,0.0929848338532882,0,0.069066840974935,0,0.170402049838477
"140","Osprey","OSPR-01","T28",28.8,"outer_slope","moderate_slope",3,0,0,0.26247289056473,0,0.731369157647691
"141","Osprey","OSPR-01","T29",25.5,"outer_slope","moderate_slope",3,0.0929915899478915,0,0,3.1839912278971,0.168511141416462
"142","Osprey","OSPR-01","T3",77.2,"outer_slope","steep_slope",3,0.0412029014225889,0,0,0,0
"143","Osprey","OSPR-01","T3",92.4,"outer_slope","wall",3,0,0,0,0,0
"144","Osprey","OSPR-01","T30",23.7,"outer_slope","moderate_slope",3,0,0,0.345117967454231,0,0.68540092614467
"145","Osprey","OSPR-01","T31",18.9,"outer_slope","steep_slope",3,0,0,0.0343951184741033,0,0
"146","Osprey","OSPR-01","T32",15.4,"outer_slope","steep_slope",3,0.182746328616836,0,0.167049249845515,0,1.405717195216
"147","Osprey","OSPR-01","T33",12.7,"outer_slope","moderate_slope",3,1.14342285372522,0,0.150878260433259,0,0
"148","Osprey","OSPR-01","T34",5.1,"outer_slope","moderate_slope",1,0.135830776215158,0.881026076589979,1.3452987631435,5.1187294649166,0
"149","Osprey","OSPR-01","T35",7.1,"outer_slope","moderate_slope",1,0.0560270131600823,0,0.925986654469042,3.00782621445448,0
"150","Osprey","OSPR-01","T36",9.1,"outer_slope","moderate_slope",1,0.113191978543042,0,0.277842336706441,0,0
"151","Osprey","OSPR-01","T4",74.4,"outer_slope","steep_slope",4,0,0,0,0,0
"152","Osprey","OSPR-01","T4",86.4,"outer_slope","steep_slope",3,0,0,0,0,0
"153","Osprey","OSPR-01","T5",82.3,"outer_slope","wall",4,0,0,0,0,0
"154","Osprey","OSPR-01","T5",84.5,"outer_slope","steep_slope",2,0,0,0,0,0
"155","Osprey","OSPR-01","T6",72.2,"outer_slope","steep_slope",4,0,0,0,0,0
"156","Osprey","OSPR-01","T6",82.5,"outer_slope","steep_slope",2,0,0,0,0,0
"157","Osprey","OSPR-01","T7",67.8,"outer_slope","steep_slope",4,0.122241968453449,0,0,0,0
"158","Osprey","OSPR-01","T7",96.3,"outer_slope","wall",2,0,0,0,0,3.15559786395857
"159","Osprey","OSPR-01","T8",65.8,"outer_slope","steep_slope",4,0.0381804157992621,0,0,0,0
"160","Osprey","OSPR-01","T8",91.3,"outer_slope","wall",2,0,0,0,0,0
"161","Osprey","OSPR-01","T9",63.2,"outer_slope","moderate_slope",3,0.0384892466671877,0,0,0,0
"162","Osprey","OSPR-01","T9",91.1,"outer_slope","wall",3,0,0,0,0,0
"163","Osprey","OSPR-02","T1",47.7,"outer_slope","steep_slope",3,0,0.393933309443036,0,0.849507386454588,2.15517930179648
"164","Osprey","OSPR-02","T1",97.2,"outer_slope","wall",5,0,0,0,0,0
"165","Osprey","OSPR-02","T10",12.7,"outer_slope","moderate_slope",2,0.24297655248128,0,0.680412476507717,8.11445073303931,20.6870190707924
"166","Osprey","OSPR-02","T10",68,"outer_slope","steep_slope",4,0,0,0,5.20284660447684,0
"167","Osprey","OSPR-02","T11",15.8,"outer_slope","steep_slope",2,0.0880396441853969,0,0.0232147573757417,2.60723244289104,1.04065717779554
"168","Osprey","OSPR-02","T11",64.2,"outer_slope","steep_slope",4,0.0108741281183141,0,0,0,0
"169","Osprey","OSPR-02","T12",18.2,"outer_slope","wall",2,0.185004554803535,0,0,0.484631491600862,0.242997331430756
"170","Osprey","OSPR-02","T12",61.4,"outer_slope","steep_slope",4,0,0,0.135757527338762,0,0
"171","Osprey","OSPR-02","T13",9.4,"outer_slope","moderate_slope",2,0.804460524945254,0,0.833557681249986,12.8158212509552,0
"172","Osprey","OSPR-02","T13",52.3,"outer_slope","steep_slope",5,0,0,0,0,0
"173","Osprey","OSPR-02","T14",7.3,"outer_slope","moderate_slope",2,1.14711669249916,2.04967642931001,3.16978846720788,0.741420087157195,4.5667194410476
"174","Osprey","OSPR-02","T14",54.6,"outer_slope","wall",3,0,0,0,0,0
"175","Osprey","OSPR-02","T15",6.1,"outer_slope","gentle_slope",1,12.1308237923426,0,7.16094303216653,0.97330814651772,13.365812353862
"176","Osprey","OSPR-02","T15",59.8,"outer_slope","wall",4,0,0,0,0,0
"177","Osprey","OSPR-02","T16",47.8,"outer_slope","moderate_slope",4,0.0197785206145714,0,0.199052822013482,0,0
"178","Osprey","OSPR-02","T17",44.4,"outer_slope","steep_slope",3,0,0,0,0,0
"179","Osprey","OSPR-02","T18",36.9,"outer_slope","steep_slope",3,0,0,0,0,0
"180","Osprey","OSPR-02","T19",33.2,"outer_slope","steep_slope",3,0.170235656782057,0,0.0754534363836981,0,2.31460712100494
"181","Osprey","OSPR-02","T2",44.8,"outer_slope","wall",4,0,0,0,0,0
"182","Osprey","OSPR-02","T2",87.6,"outer_slope","wall",5,0,0,0,0,0
"183","Osprey","OSPR-02","T20",27.7,"outer_slope","steep_slope",3,0,0.554876848583085,0.146753793911358,0,2.43952932260337
"184","Osprey","OSPR-02","T21",21.4,"outer_slope","moderate_slope",2,0.180567963186228,0,0.191835814849701,0,0
"185","Osprey","OSPR-02","T22",17.1,"outer_slope","wall",3,0.0371109545101491,0,0.0406448842719872,0.245298506661548,0
"186","Osprey","OSPR-02","T23",14.1,"outer_slope","steep_slope",2,0.0853989830964956,3.1241549403095,0.325140419610041,1.58153535362402,1.86598288057464
"187","Osprey","OSPR-02","T24",6.2,"outer_slope","moderate_slope",1,0.260262424635458,56.3403885084809,7.08473793578408,15.9283739173981,4.78493055514452
"188","Osprey","OSPR-02","T25",8.2,"outer_slope","moderate_slope",2,0.692962504882297,3.20281571292332,3.76326235076325,2.13132021044087,1.60839664513811
"189","Osprey","OSPR-02","T3",42.3,"outer_slope","moderate_slope",3,0.00976762324912938,0,0.288625356276329,4.26227536756013,1.78814271938525
"190","Osprey","OSPR-02","T3",94.1,"outer_slope","wall",4,0,0,0,0,0
"191","Osprey","OSPR-02","T4",32.2,"outer_slope","steep_slope",2,0.0312994582244514,0,0.0573371103907814,0,0
"192","Osprey","OSPR-02","T4",90.6,"outer_slope","wall",3,0,0,0,0,0
"193","Osprey","OSPR-02","T5",35,"outer_slope","steep_slope",3,0.072208626272819,0,0,0,0
"194","Osprey","OSPR-02","T5",84,"outer_slope","wall",3,0,0,0,0,0
"195","Osprey","OSPR-02","T6",38.1,"outer_slope","steep_slope",3,0.241798129221252,0,0,0,0.772533130566575
"196","Osprey","OSPR-02","T6",80.6,"outer_slope","steep_slope",4,0.215477721021436,0,0,0,0
"197","Osprey","OSPR-02","T7",28,"outer_slope","steep_slope",2,0,0,0.285749590835951,0,0
"198","Osprey","OSPR-02","T7",71.6,"outer_slope","steep_slope",5,0,0,0.177031211467209,0,0
"199","Osprey","OSPR-02","T8",24.9,"outer_slope","steep_slope",3,0,0.343446862352102,0.137484655353458,0,3.96868799305346
"200","Osprey","OSPR-02","T8",74.4,"outer_slope","steep_slope",4,0,0,0,0,0
"201","Osprey","OSPR-02","T9",23.1,"outer_slope","wall",3,0.356939295040683,0,0.0722333393599192,0,2.51463093572386
"202","Osprey","OSPR-02","T9",77.2,"outer_slope","steep_slope",4,0,0,0,0,0
"203","Osprey","OSPR-03","T1",55.6,"outer_slope","wall",3,0,0,0.053728374168733,0,0
"204","Osprey","OSPR-03","T10",18.1,"outer_slope","steep_slope",3,0.209276237554572,0,0,0.641796155629054,0
"205","Osprey","OSPR-03","T11",8.3,"outer_slope","moderate_slope",1,0.880575488643509,0.82666188507129,4.35641139599014,0.716818543571905,0.849865749574311
"206","Osprey","OSPR-03","T12",6.4,"outer_slope","moderate_slope",1,2.21822285763071,0,10.324619840196,7.60332198983808,4.837519506359
"207","Osprey","OSPR-03","T13",96.5,"outer_slope","wall",3,0,0,0,0,1.79454574265979
"208","Osprey","OSPR-03","T14",91,"outer_slope","wall",3,0,0,0,0,0
"209","Osprey","OSPR-03","T15",81.1,"outer_slope","steep_slope",3,0,0,0,0,0
"210","Osprey","OSPR-03","T16",81.1,"outer_slope","steep_slope",3,0.0668839479288728,0,0,0,0
"211","Osprey","OSPR-03","T17",87.4,"outer_slope","steep_slope",3,0,0,0,0,0
"212","Osprey","OSPR-03","T18",75.6,"outer_slope","steep_slope",3,0,0,0,0,0
"213","Osprey","OSPR-03","T19",78.1,"outer_slope","steep_slope",3,0.0354901613183517,0,0,0,0
"214","Osprey","OSPR-03","T2",55.7,"outer_slope","steep_slope",3,0.0256840130272891,0,0,0,0
"215","Osprey","OSPR-03","T20",70.5,"outer_slope","steep_slope",3,0,0,0,0,0
"216","Osprey","OSPR-03","T21",60.6,"outer_slope","wall",3,2.77593573448895,0,0,0,0
"217","Osprey","OSPR-03","T22",64.9,"outer_slope","wall",3,0,0,0,7.06947019703335,0.193773653564497
"218","Osprey","OSPR-03","T23",68.7,"outer_slope","steep_slope",3,0,0,0,0,0
"219","Osprey","OSPR-03","T24",88.2,"outer_slope","wall",3,0,0,0,0,0
"220","Osprey","OSPR-03","T25",78.9,"outer_slope","steep_slope",3,0,0,0,0,0
"221","Osprey","OSPR-03","T26",53.6,"outer_slope","wall",3,0,0,0,0,0
"222","Osprey","OSPR-03","T27",51,"outer_slope","wall",4,0,0,0,0,0
"223","Osprey","OSPR-03","T3",45.8,"outer_slope","wall",3,0.016479956816691,0,0,0,0
"224","Osprey","OSPR-03","T4",47.4,"outer_slope","wall",3,0,0,0,0,0
"225","Osprey","OSPR-03","T5",37.5,"outer_slope","steep_slope",4,0,0.651055370830269,0,0,0
"226","Osprey","OSPR-03","T6",34.3,"outer_slope","steep_slope",4,0,0,0.0979411378995595,0,0.153737814198475
"227","Osprey","OSPR-03","T7",28.2,"outer_slope","wall",4,0.314721820900168,0,0.37650171426033,0,0
"228","Osprey","OSPR-03","T8",24.4,"outer_slope","steep_slope",4,0.166339171513803,0,0.0820223986610532,0,0
"229","Osprey","OSPR-03","T9",14.5,"outer_slope","wall",2,0.254712709665769,0,0.116547137008387,0.338014483424245,0
"230","Saumarez","SAUM-01","T1",29.6,"inner_reef","flat",1,0,0,0,0,0
"231","Saumarez","SAUM-01","T2",29.6,"inner_reef","flat",1,0.28934593113989,0,0,0,0
"232","Saumarez","SAUM-01","T3",29.8,"inner_reef","flat",1,0,0,0,0,0
"233","Saumarez","SAUM-01","T4",29.6,"inner_reef","flat",0,2.73643316703845,0,0,0,0
"234","Saumarez","SAUM-01","T5",29.5,"inner_reef","flat",1,13.4565045690042,5.38597780392011,0,0,0
"235","Saumarez","SAUM-01","T6",29.9,"inner_reef","flat",1,5.4343583255657,0,0,0,0
"236","Saumarez","SAUM-02","T2",20.4,"lagoon","flat",0,0,0,0,0,0
"237","Saumarez","SAUM-02","T3",21.1,"lagoon","flat",1,0,0,0,0,0
"238","Saumarez","SAUM-02","T4",21.5,"lagoon","flat",1,0,0,0,0,0
"239","Saumarez","SAUM-02","T5",22.2,"lagoon","flat",0,0,0,0,0,0
"240","Saumarez","SAUM-02","T6",23.1,"lagoon","flat",0,0,0,0,0,0
"241","South Flinders","FLIN-01","T1",35.6,"outer_slope","steep_slope",4,0.732796719342152,1.41558348534055,0.139528952812418,0,0
"242","South Flinders","FLIN-01","T2",37.1,"outer_slope","wall",4,0,0,0.116953749006937,0.844068927441801,0.687620609862917
"243","South Flinders","FLIN-01","T3",42.1,"outer_slope","wall",3,0.115151154363667,0,0,0,0
"244","South Flinders","FLIN-01","T4",35.2,"outer_slope","wall",3,0.150692456159586,0,0.0872132440149168,0,0
"245","South Flinders","FLIN-01","T5",45.4,"outer_slope","wall",3,0,0,0,0,0
"246","South Flinders","FLIN-01","T6",34.3,"outer_slope","steep_slope",3,0.0823522343696877,0,0,0,0
"247","South Flinders","FLIN-01","T7",45.2,"outer_slope","wall",4,0,0,0,4.60985265129969,0
"248","West Herald","HERA-01","T1",34.3,"passage","flat",3,0,0,0,0,0
"249","West Herald","HERA-01","T2",35.3,"passage","flat",2,0,0,0.670425741684008,0,0
"250","West Herald","HERA-01","T3",37.6,"passage","flat",1,0,0,0,0,0
"251","West Herald","HERA-01","T4",43.5,"passage","gentle_slope",2,0.487445011392136,0,0.0885181091853372,0,0
"252","West Herald","HERA-01","T5",43.8,"passage","gentle_slope",2,0.421991596154583,0,0.0303102753734266,0,0.11836566433512
"253","West Herald","HERA-01","T6",41.7,"passage","gentle_slope",2,1.54407687375099,1.89595321225865,0.215969521063347,0,0
"254","West Herald","HERA-01","T7",40.5,"passage","gentle_slope",2,0.694458363686941,0.707480015126891,0.757412343110168,0,1.45702024623527
"255","West Herald","HERA-01","T8",40.4,"passage","gentle_slope",2,3.4675196782279,0,0.183769678708711,0.97618437656556,0.773116389139107
"256","West Herald","HERA-01","T9",37.1,"passage","gentle_slope",3,6.97539625808329,3.27418343732024,1.47268521803294,0,1.4933084307639
"257","West Holmes","HOLM-01","T1",55,"outer_slope","steep_slope",3,0.156543743618683,0,0,0,0
"258","West Holmes","HOLM-01","T10",34.7,"outer_slope","gentle_slope",1,0.0600168582736776,0,0.0604662228995767,0,0
"259","West Holmes","HOLM-01","T2",51,"outer_slope","steep_slope",3,0.452689352375957,0,0.0327073419512955,1.30864709944489,0
"260","West Holmes","HOLM-01","T3",52.4,"outer_slope","steep_slope",3,0.0516417909900279,0,0,0,0
"261","West Holmes","HOLM-01","T4",55,"outer_slope","steep_slope",4,0.033915823612254,0,0,0,0
"262","West Holmes","HOLM-01","T5",46.4,"outer_slope","moderate_slope",3,0.848673872708791,0,0,0,0
"263","West Holmes","HOLM-01","T6",42.5,"outer_slope","moderate_slope",4,0.306617070641938,0,0.109150121385144,0,0
"264","West Holmes","HOLM-01","T7",43,"outer_slope","moderate_slope",3,0.042433190309023,0,0,0,0
"265","West Holmes","HOLM-01","T8",36.8,"outer_slope","moderate_slope",2,0.0610336736588962,0,0.0513911755658953,12.910327337641,1.00419961650681
"266","West Holmes","HOLM-01","T9",36,"outer_slope","moderate_slope",2,0.353547759028069,0,0.628973585940887,0,0
"267","Willis","WILL-01","T1",35.2,"outer_slope","gentle_slope",3,1.72165326225369,0,0.564686015590068,0,0.405833440772905
"268","Willis","WILL-01","T10",50.4,"outer_slope","steep_slope",3,0,0,0.709621418366297,1.00475350689055,0.306986554755177
"269","Willis","WILL-01","T11",50.1,"outer_slope","steep_slope",3,0.600123484773176,0,0.0904088131802165,0,0
"270","Willis","WILL-01","T12",40,"outer_slope","steep_slope",3,0.157982686029179,0,0,0,0
"271","Willis","WILL-01","T13",43,"outer_slope","steep_slope",3,0.139211628136895,0,0.080023720370288,0,0
"272","Willis","WILL-01","T14",42,"outer_slope","steep_slope",3,0.0273057712260351,0,0,0,0
"273","Willis","WILL-01","T15",42,"outer_slope","steep_slope",3,0.971190086916494,0,0.205860542281038,0,2.32041511830539
"274","Willis","WILL-01","T2",42.3,"outer_slope","gentle_slope",4,0.423260678887381,0,0,0,0
"275","Willis","WILL-01","T3",44.4,"outer_slope","gentle_slope",4,0.100497184872677,0,0,0,0
"276","Willis","WILL-01","T4",51.5,"outer_slope","steep_slope",3,0.0866041566809126,0,0.243421140994126,0,0
"277","Willis","WILL-01","T5",52.3,"outer_slope","steep_slope",3,0.139680489401115,0,0,0,0
"278","Willis","WILL-01","T6",52.3,"outer_slope","steep_slope",3,0.149296478920743,0,0,0,0.220390890308442
"279","Willis","WILL-01","T7",60.1,"outer_slope","steep_slope",1,0,0,0,0,0
"280","Willis","WILL-01","T8",44.8,"outer_slope","steep_slope",2,0.0579849416459574,0,0,0,0
"281","Willis","WILL-01","T9",44.1,"outer_slope","steep_slope",2,0.0875743229100172,0,0,0,0.534943768922833
"282","Wreck","WREC-01","T1",31.5,"outer_slope","gentle_slope",3,0.990877890637665,0,0.174848562903935,0,2.79364656336917
"283","Wreck","WREC-01","T2",36.5,"outer_slope","gentle_slope",3,0.287324431030638,0,1.28670329649837,0,1.93996618606022
"284","Wreck","WREC-01","T3",36.3,"outer_slope","gentle_slope",3,1.96967445447069,0,1.42107370193872,0,0.419019218049698
