"","Site","Transect","Depth_m","Habitat","Aspect_descriptive","cropper","browser","detritivore","excavator","scraper"
"1","BOUG-01","T1",65,"outer_slope","steep_slope",1,0,0,0,0
"2","BOUG-01","T10",54.7,"outer_slope","steep_slope",0,0,0,0,1
"3","BOUG-01","T11",47.4,"outer_slope","wall",0,0,0,0,0
"4","BOUG-01","T12",45.5,"outer_slope","steep_slope",1,0,0,0,1
"5","BOUG-01","T13",45,"outer_slope","wall",0,0,0,0,0
"6","BOUG-01","T14",43.7,"outer_slope","steep_slope",0,0,0,0,0
"7","BOUG-01","T15",38.6,"outer_slope","wall",0,0,0,0,0
"8","BOUG-01","T16",36.4,"outer_slope","wall",2,0,0,0,1
"9","BOUG-01","T17",35.1,"outer_slope","wall",5,0,1,0,0
"10","BOUG-01","T18",28.5,"outer_slope","wall",2,0,0,0,0
"11","BOUG-01","T19",22.3,"outer_slope","wall",1,0,0,0,0
"12","BOUG-01","T2",66.7,"outer_slope","wall",1,0,0,0,1
"13","BOUG-01","T3",66.3,"outer_slope","wall",0,0,0,0,0
"14","BOUG-01","T4",67.8,"outer_slope","wall",0,0,0,0,4
"15","BOUG-01","T5",67.3,"outer_slope","steep_slope",0,0,0,0,0
"16","BOUG-01","T6",58.1,"outer_slope","steep_slope",2,0,0,0,4
"17","BOUG-01","T7",57.8,"outer_slope","steep_slope",2,0,0,0,0
"18","BOUG-01","T8",57.2,"outer_slope","steep_slope",3,0,0,0,0
"19","BOUG-01","T9",57.4,"outer_slope","steep_slope",0,0,0,0,0
"20","BOUG-02","T1",67.1,"outer_slope","steep_slope",2,0,0,1,0
"21","BOUG-02","T10",52.1,"outer_slope","steep_slope",2,1,1,0,0
"22","BOUG-02","T11",47.6,"outer_slope","steep_slope",2,0,0,0,0
"23","BOUG-02","T12",47,"outer_slope","steep_slope",0,0,0,0,0
"24","BOUG-02","T13",45.8,"outer_slope","steep_slope",1,0,2,0,0
"25","BOUG-02","T14",45,"outer_slope","moderate_slope",4,0,0,0,0
"26","BOUG-02","T15",44.9,"outer_slope","wall",1,0,0,0,0
"27","BOUG-02","T16",37.2,"outer_slope","wall",0,0,0,0,0
"28","BOUG-02","T17",35.1,"outer_slope","wall",0,0,0,0,0
"29","BOUG-02","T18",33.1,"outer_slope","wall",0,0,0,0,1
"30","BOUG-02","T19",32.5,"outer_slope","steep_slope",2,0,2,0,11
"31","BOUG-02","T2",67.1,"outer_slope","steep_slope",1,0,0,1,0
"32","BOUG-02","T20",31.1,"outer_slope","moderate_slope",7,0,1,2,9
"33","BOUG-02","T21",28.4,"outer_slope","wall",2,0,1,1,0
"34","BOUG-02","T22",27.3,"outer_slope","wall",1,0,1,0,4
"35","BOUG-02","T23",24.8,"outer_slope","steep_slope",1,0,1,1,0
"36","BOUG-02","T24",24.2,"outer_slope","wall",2,0,0,0,0
"37","BOUG-02","T25",22.3,"outer_slope","steep_slope",4,1,0,1,4
"38","BOUG-02","T26",15.4,"outer_slope","moderate_slope",2,0,0,1,0
"39","BOUG-02","T27",13.4,"outer_slope","steep_slope",2,1,3,0,3
"40","BOUG-02","T28",9.8,"outer_slope","steep_slope",2,0,0,0,1
"41","BOUG-02","T3",64.5,"outer_slope","steep_slope",0,0,0,1,3
"42","BOUG-02","T4",63.8,"outer_slope","steep_slope",0,0,0,0,0
"43","BOUG-02","T5",63,"outer_slope","wall",0,0,2,0,0
"44","BOUG-02","T6",58.4,"outer_slope","moderate_slope",1,0,0,0,0
"45","BOUG-02","T7",57.7,"outer_slope","moderate_slope",1,0,0,0,0
"46","BOUG-02","T8",55.3,"outer_slope","moderate_slope",4,1,5,2,2
"47","BOUG-02","T9",53.6,"outer_slope","moderate_slope",2,0,0,1,0
"48","FLIN-01","T1",35.6,"outer_slope","steep_slope",6,1,2,0,0
"49","FLIN-01","T2",37.1,"outer_slope","wall",0,0,1,3,2
"50","FLIN-01","T3",42.1,"outer_slope","wall",1,0,0,0,0
"51","FLIN-01","T4",35.2,"outer_slope","wall",2,0,1,0,0
"52","FLIN-01","T5",45.4,"outer_slope","wall",0,0,0,0,0
"53","FLIN-01","T6",34.3,"outer_slope","steep_slope",1,0,0,0,0
"54","FLIN-01","T7",45.2,"outer_slope","wall",0,0,0,1,0
"55","FLIN-02","T1",42.1,"lagoon","flat",0,0,0,0,0
"56","FLIN-02","T2",40.2,"lagoon","flat",0,0,0,0,0
"57","FLIN-02","T3",40,"lagoon","flat",0,0,0,0,0
"58","FLIN-02","T4",40,"lagoon","flat",0,0,4,0,0
"59","FLIN-02","T5",41.5,"lagoon","flat",1,0,0,0,0
"60","FLIN-02","T6",43.3,"lagoon","flat",10,0,0,0,0
"61","FLIN-02","T7",44,"lagoon","flat",3,0,0,1,0
"62","FRED-01","T1",34.8,"inner_reef","gentle_slope",7,0,1,0,0
"63","FRED-01","T2",40,"inner_reef","flat",0,0,0,0,0
"64","HERA-01","T1",34.3,"passage","flat",0,0,0,0,0
"65","HERA-01","T2",35.3,"passage","flat",0,0,8,0,0
"66","HERA-01","T3",37.6,"passage","flat",0,0,0,0,0
"67","HERA-01","T4",43.5,"passage","gentle_slope",8,0,1,0,0
"68","HERA-01","T5",43.8,"passage","gentle_slope",9,0,1,0,1
"69","HERA-01","T6",41.7,"passage","gentle_slope",18,2,4,0,0
"70","HERA-01","T7",40.5,"passage","gentle_slope",10,1,8,0,8
"71","HERA-01","T8",40.4,"passage","gentle_slope",20,0,3,4,1
"72","HERA-01","T9",37.1,"passage","gentle_slope",14,3,8,0,3
"73","HERM-01","T1",46.2,"lagoon","flat",10,0,2,0,6
"74","HERM-01","T2",46.6,"lagoon","flat",9,0,0,0,1
"75","HERM-01","T4",47.1,"lagoon","flat",1,0,0,0,0
"76","HERM-01","T5",46.4,"lagoon","flat",5,0,0,0,0
"77","HERM-01","T7",47.7,"lagoon","flat",3,0,1,0,0
"78","HERM-01","T8",47.9,"lagoon","flat",2,0,0,0,6
"79","HERM-01","T9",48.9,"lagoon","flat",0,0,0,0,0
"80","HOLM-01","T1",55,"outer_slope","steep_slope",3,0,0,0,0
"81","HOLM-01","T10",34.7,"outer_slope","gentle_slope",3,0,1,0,0
"82","HOLM-01","T2",51,"outer_slope","steep_slope",9,0,1,1,0
"83","HOLM-01","T3",52.4,"outer_slope","steep_slope",2,0,0,0,0
"84","HOLM-01","T4",55,"outer_slope","steep_slope",2,0,0,0,0
"85","HOLM-01","T5",46.4,"outer_slope","moderate_slope",13,0,0,0,0
"86","HOLM-01","T6",42.5,"outer_slope","moderate_slope",5,0,2,0,0
"87","HOLM-01","T7",43,"outer_slope","moderate_slope",2,0,0,0,0
"88","HOLM-01","T8",36.8,"outer_slope","moderate_slope",4,0,1,2,1
"89","HOLM-01","T9",36,"outer_slope","moderate_slope",9,0,7,0,0
"90","HOLM-02","T1",62.7,"outer_slope","steep_slope",2,0,0,0,0
"91","HOLM-02","T10",37,"outer_slope","gentle_slope",10,0,2,0,1
"92","HOLM-02","T11",35,"outer_slope","gentle_slope",11,1,5,0,1
"93","HOLM-02","T12",31.2,"outer_slope","gentle_slope",3,0,1,0,2
"94","HOLM-02","T13",28,"outer_slope","gentle_slope",8,0,10,0,3
"95","HOLM-02","T2",63.7,"outer_slope","steep_slope",6,0,0,0,0
"96","HOLM-02","T3",64.2,"outer_slope","steep_slope",0,0,0,0,0
"97","HOLM-02","T4",63.2,"outer_slope","steep_slope",4,2,0,0,0
"98","HOLM-02","T5",63.1,"outer_slope","steep_slope",0,0,0,0,0
"99","HOLM-02","T6",56.6,"outer_slope","steep_slope",3,0,0,0,0
"100","HOLM-02","T7",54.5,"outer_slope","steep_slope",3,0,0,0,0
"101","HOLM-02","T8",46.6,"outer_slope","wall",0,0,0,0,0
"102","HOLM-02","T9",45,"outer_slope","wall",2,0,0,0,0
"103","KENN-01","T1",40.8,"outer_slope","steep_slope",5,1,4,0,2
"104","KENN-01","T2",31.1,"outer_slope","steep_slope",4,0,3,1,2
"105","KENN-01","T3",31.4,"outer_slope","gentle_slope",29,3,5,1,4
"106","KENN-01","T4",32.3,"outer_slope","gentle_slope",8,0,0,0,0
"107","LORN-01","T1",45.1,"outer_slope","flat",6,0,9,0,2
"108","LORN-01","T10",50.1,"outer_slope","steep_slope",0,0,0,0,0
"109","LORN-01","T11",50.1,"outer_slope","steep_slope",0,0,0,0,0
"110","LORN-01","T12",55.6,"outer_slope","steep_slope",1,0,0,0,1
"111","LORN-01","T13",55.2,"outer_slope","steep_slope",0,0,2,0,1
"112","LORN-01","T2",31.2,"outer_slope","flat",0,0,0,0,0
"113","LORN-01","T3",30.8,"outer_slope","flat",0,0,0,0,0
"114","LORN-01","T4",33,"outer_slope","flat",0,0,0,0,0
"115","LORN-01","T5",31.7,"outer_slope","flat",1,0,0,0,0
"116","LORN-01","T6",32.5,"outer_slope","flat",4,0,2,0,1
"117","LORN-01","T7",36.5,"outer_slope","flat",3,0,0,0,0
"118","LORN-01","T8",40,"outer_slope","gentle_slope",10,2,4,0,0
"119","LORN-01","T9",44.8,"outer_slope","gentle_slope",9,0,2,0,0
"120","MARI-01","T1",33.9,"lagoon","flat",1,0,7,0,1
"121","MARI-01","T3",34.7,"lagoon","flat",0,0,0,0,0
"122","MARI-01","T5",34.9,"lagoon","flat",0,0,0,0,0
"123","MARI-01","T6",35,"lagoon","flat",1,0,4,0,1
"124","MARI-01","T7",34.9,"lagoon","flat",0,0,0,0,0
"125","MARI-01","T8",35.1,"lagoon","flat",0,0,0,0,0
"126","OSPR-01","T1",87.6,"outer_slope","wall",0,0,0,0,0
"127","OSPR-01","T10",56.2,"outer_slope","wall",0,0,0,0,0
"128","OSPR-01","T11",47.3,"outer_slope","wall",0,0,0,0,0
"129","OSPR-01","T12",44.7,"outer_slope","wall",1,0,0,0,0
"130","OSPR-01","T13",43.2,"outer_slope","wall",0,0,0,0,0
"131","OSPR-01","T14",55,"outer_slope","steep_slope",3,0,0,1,0
"132","OSPR-01","T15",52.4,"outer_slope","steep_slope",1,0,0,1,1
"133","OSPR-01","T16",38.2,"outer_slope","wall",1,0,0,0,1
"134","OSPR-01","T17",35.3,"outer_slope","steep_slope",2,1,1,0,1
"135","OSPR-01","T18",33.3,"outer_slope","wall",3,0,1,0,0
"136","OSPR-01","T19",28.2,"outer_slope","wall",1,1,0,2,1
"137","OSPR-01","T2",85.1,"outer_slope","steep_slope",0,0,0,0,0
"138","OSPR-01","T20",25.1,"outer_slope","steep_slope",0,0,0,0,0
"139","OSPR-01","T21",21.8,"outer_slope","steep_slope",8,1,2,1,1
"140","OSPR-01","T22",18.8,"outer_slope","wall",2,0,0,0,1
"141","OSPR-01","T23",16.4,"outer_slope","wall",4,0,0,1,1
"142","OSPR-01","T24",14.1,"outer_slope","wall",3,0,11,0,0
"143","OSPR-01","T25",9.1,"outer_slope","wall",11,0,12,2,1
"144","OSPR-01","T26",7.1,"outer_slope","wall",0,0,16,1,2
"145","OSPR-01","T27",7,"outer_slope","steep_slope",0,1,9,1,0
"146","OSPR-01","T3",77.2,"outer_slope","steep_slope",2,0,0,0,0
"147","OSPR-01","T4",74.4,"outer_slope","steep_slope",0,0,0,0,0
"148","OSPR-01","T5",82.3,"outer_slope","wall",0,0,0,0,0
"149","OSPR-01","T6",72.2,"outer_slope","steep_slope",0,0,0,0,0
"150","OSPR-01","T7",67.8,"outer_slope","steep_slope",1,0,0,0,0
"151","OSPR-01","T8",65.8,"outer_slope","steep_slope",2,0,0,0,0
"152","OSPR-01","T9",63.2,"outer_slope","moderate_slope",2,0,0,0,0
"153","OSPR-01","T1",94,"outer_slope","wall",0,0,0,0,0
"154","OSPR-01","T10",90.4,"outer_slope","steep_slope",0,0,0,0,0
"155","OSPR-01","T11",93.9,"outer_slope","wall",0,0,0,0,0
"156","OSPR-01","T13",77,"outer_slope","steep_slope",0,0,0,0,0
"157","OSPR-01","T14",70.9,"outer_slope","steep_slope",0,0,0,0,0
"158","OSPR-01","T15",70.2,"outer_slope","steep_slope",0,0,0,0,0
"159","OSPR-01","T16",66.2,"outer_slope","steep_slope",1,0,0,0,0
"160","OSPR-01","T17",64.6,"outer_slope","steep_slope",0,0,0,0,0
"161","OSPR-01","T18",57.2,"outer_slope","steep_slope",0,0,0,0,0
"162","OSPR-01","T19",53.2,"outer_slope","steep_slope",0,1,0,0,0
"163","OSPR-01","T2",98.8,"outer_slope","wall",0,0,0,0,0
"164","OSPR-01","T20",64.6,"outer_slope","steep_slope",0,0,0,0,0
"165","OSPR-01","T21",52.8,"outer_slope","steep_slope",1,0,0,1,0
"166","OSPR-01","T22",47.8,"outer_slope","moderate_slope",4,0,5,0,0
"167","OSPR-01","T23",44.7,"outer_slope","moderate_slope",0,0,0,0,0
"168","OSPR-01","T24",41.2,"outer_slope","wall",1,0,0,0,0
"169","OSPR-01","T25",32.8,"outer_slope","moderate_slope",1,0,2,0,0
"170","OSPR-01","T26",35.7,"outer_slope","gentle_slope",2,0,1,0,0
"171","OSPR-01","T27",36.6,"outer_slope","moderate_slope",3,0,2,0,1
"172","OSPR-01","T28",28.8,"outer_slope","moderate_slope",0,0,3,0,3
"173","OSPR-01","T29",25.5,"outer_slope","moderate_slope",1,0,0,7,1
"174","OSPR-01","T3",92.4,"outer_slope","wall",0,0,0,0,0
"175","OSPR-01","T30",23.7,"outer_slope","moderate_slope",0,0,7,0,3
"176","OSPR-01","T31",18.9,"outer_slope","steep_slope",0,0,1,0,0
"177","OSPR-01","T32",15.4,"outer_slope","steep_slope",2,0,3,0,3
"178","OSPR-01","T33",12.7,"outer_slope","moderate_slope",1,0,2,0,0
"179","OSPR-01","T34",5.1,"outer_slope","moderate_slope",3,1,16,10,0
"180","OSPR-01","T35",7.1,"outer_slope","moderate_slope",2,0,8,6,0
"181","OSPR-01","T36",9.1,"outer_slope","moderate_slope",2,0,3,0,0
"182","OSPR-01","T4",86.4,"outer_slope","steep_slope",0,0,0,0,0
"183","OSPR-01","T5",84.5,"outer_slope","steep_slope",0,0,0,0,0
"184","OSPR-01","T6",82.5,"outer_slope","steep_slope",0,0,0,0,0
"185","OSPR-01","T7",96.3,"outer_slope","wall",0,0,0,0,1
"186","OSPR-01","T8",91.3,"outer_slope","wall",0,0,0,0,0
"187","OSPR-01","T9",91.1,"outer_slope","wall",0,0,0,0,0
"188","OSPR-02","T1",47.7,"outer_slope","steep_slope",0,1,0,1,3
"189","OSPR-02","T10",12.7,"outer_slope","moderate_slope",4,0,9,7,15
"190","OSPR-02","T11",15.8,"outer_slope","steep_slope",2,0,1,1,1
"191","OSPR-02","T12",18.2,"outer_slope","wall",2,0,0,1,1
"192","OSPR-02","T13",9.4,"outer_slope","moderate_slope",3,0,10,7,0
"193","OSPR-02","T14",7.3,"outer_slope","moderate_slope",9,1,31,1,7
"194","OSPR-02","T15",6.1,"outer_slope","gentle_slope",19,0,70,1,25
"195","OSPR-02","T16",47.8,"outer_slope","moderate_slope",1,0,4,0,0
"196","OSPR-02","T17",44.4,"outer_slope","steep_slope",0,0,0,0,0
"197","OSPR-02","T18",36.9,"outer_slope","steep_slope",0,0,0,0,0
"198","OSPR-02","T19",33.2,"outer_slope","steep_slope",3,0,1,0,2
"199","OSPR-02","T2",44.8,"outer_slope","wall",0,0,0,0,0
"200","OSPR-02","T20",27.7,"outer_slope","steep_slope",0,1,2,0,2
"201","OSPR-02","T21",21.4,"outer_slope","moderate_slope",2,0,3,0,0
"202","OSPR-02","T22",17.1,"outer_slope","wall",1,0,1,1,0
"203","OSPR-02","T23",14.1,"outer_slope","steep_slope",1,5,8,4,7
"204","OSPR-02","T24",6.2,"outer_slope","moderate_slope",4,27,63,8,13
"205","OSPR-02","T25",8.2,"outer_slope","moderate_slope",7,6,39,1,2
"206","OSPR-02","T3",42.3,"outer_slope","moderate_slope",1,0,1,8,4
"207","OSPR-02","T4",32.2,"outer_slope","steep_slope",1,0,2,0,0
"208","OSPR-02","T5",35,"outer_slope","steep_slope",2,0,0,0,0
"209","OSPR-02","T6",38.1,"outer_slope","steep_slope",1,0,0,0,4
"210","OSPR-02","T7",28,"outer_slope","steep_slope",0,0,4,0,0
"211","OSPR-02","T8",24.9,"outer_slope","steep_slope",0,1,2,0,1
"212","OSPR-02","T9",23.1,"outer_slope","wall",3,0,2,0,4
"213","OSPR-02","T1",97.2,"outer_slope","wall",0,0,0,0,0
"214","OSPR-02","T10",68,"outer_slope","steep_slope",0,0,0,1,0
"215","OSPR-02","T11",64.2,"outer_slope","steep_slope",1,0,0,0,0
"216","OSPR-02","T12",61.4,"outer_slope","steep_slope",0,0,2,0,0
"217","OSPR-02","T13",52.3,"outer_slope","steep_slope",0,0,0,0,0
"218","OSPR-02","T14",54.6,"outer_slope","wall",0,0,0,0,0
"219","OSPR-02","T15",59.8,"outer_slope","wall",0,0,0,0,0
"220","OSPR-02","T2",87.6,"outer_slope","wall",0,0,0,0,0
"221","OSPR-02","T3",94.1,"outer_slope","wall",0,0,0,0,0
"222","OSPR-02","T5",84,"outer_slope","wall",0,0,0,0,0
"223","OSPR-02","T6",80.6,"outer_slope","steep_slope",3,0,0,0,0
"224","OSPR-02","T7",71.6,"outer_slope","steep_slope",0,0,2,0,0
"225","OSPR-02","T8",74.4,"outer_slope","steep_slope",0,0,0,0,0
"226","OSPR-02","T9",77.2,"outer_slope","steep_slope",0,0,0,0,0
"227","OSPR-03","T1",55.6,"outer_slope","wall",0,0,1,0,0
"228","OSPR-03","T10",18.1,"outer_slope","steep_slope",3,0,0,1,0
"229","OSPR-03","T11",8.3,"outer_slope","moderate_slope",5,1,45,4,3
"230","OSPR-03","T12",6.4,"outer_slope","moderate_slope",17,0,101,20,16
"231","OSPR-03","T13",96.5,"outer_slope","wall",0,0,0,0,1
"232","OSPR-03","T14",91,"outer_slope","wall",0,0,0,0,0
"233","OSPR-03","T15",81.1,"outer_slope","steep_slope",0,0,0,0,0
"234","OSPR-03","T16",81.1,"outer_slope","steep_slope",2,0,0,0,0
"235","OSPR-03","T17",87.4,"outer_slope","steep_slope",0,0,0,0,0
"236","OSPR-03","T18",75.6,"outer_slope","steep_slope",0,0,0,0,0
"237","OSPR-03","T19",78.1,"outer_slope","steep_slope",1,0,0,0,0
"238","OSPR-03","T2",55.7,"outer_slope","steep_slope",1,0,0,0,0
"239","OSPR-03","T20",70.5,"outer_slope","steep_slope",0,0,0,0,0
"240","OSPR-03","T21",60.6,"outer_slope","wall",1,0,0,0,0
"241","OSPR-03","T22",64.9,"outer_slope","wall",0,0,0,1,1
"242","OSPR-03","T23",68.7,"outer_slope","steep_slope",0,0,0,0,0
"243","OSPR-03","T24",88.2,"outer_slope","wall",0,0,0,0,0
"244","OSPR-03","T25",78.9,"outer_slope","steep_slope",0,0,0,0,0
"245","OSPR-03","T26",53.6,"outer_slope","wall",0,0,0,0,0
"246","OSPR-03","T27",51,"outer_slope","wall",0,0,0,0,0
"247","OSPR-03","T3",45.8,"outer_slope","wall",1,0,0,0,0
"248","OSPR-03","T4",47.4,"outer_slope","wall",0,0,0,0,0
"249","OSPR-03","T5",37.5,"outer_slope","steep_slope",0,1,0,0,0
"250","OSPR-03","T6",34.3,"outer_slope","steep_slope",0,0,2,0,1
"251","OSPR-03","T7",28.2,"outer_slope","wall",4,0,3,0,0
"252","OSPR-03","T8",24.4,"outer_slope","steep_slope",2,0,1,0,0
"253","OSPR-03","T9",14.5,"outer_slope","wall",3,0,1,1,0
"254","SAUM-01","T1",29.6,"inner_reef","flat",0,0,0,0,0
"255","SAUM-01","T2",29.6,"inner_reef","flat",2,0,0,0,0
"256","SAUM-01","T3",29.8,"inner_reef","flat",0,0,0,0,0
"257","SAUM-01","T4",29.6,"inner_reef","flat",6,0,0,0,0
"258","SAUM-01","T5",29.5,"inner_reef","flat",13,2,0,0,0
"259","SAUM-01","T6",29.9,"inner_reef","flat",6,0,0,0,0
"260","WILL-01","T1",35.2,"outer_slope","gentle_slope",3,0,6,0,1
"261","WILL-01","T10",50.4,"outer_slope","steep_slope",0,0,3,1,2
"262","WILL-01","T11",50.1,"outer_slope","steep_slope",4,0,2,0,0
"263","WILL-01","T12",40,"outer_slope","steep_slope",1,0,0,0,0
"264","WILL-01","T13",43,"outer_slope","steep_slope",2,0,1,0,0
"265","WILL-01","T14",42,"outer_slope","steep_slope",1,0,0,0,0
"266","WILL-01","T15",42,"outer_slope","steep_slope",10,0,2,0,3
"267","WILL-01","T2",42.3,"outer_slope","gentle_slope",6,0,0,0,0
"268","WILL-01","T3",44.4,"outer_slope","gentle_slope",1,0,0,0,0
"269","WILL-01","T4",51.5,"outer_slope","steep_slope",3,0,2,0,0
"270","WILL-01","T5",52.3,"outer_slope","steep_slope",1,0,0,0,0
"271","WILL-01","T6",52.3,"outer_slope","steep_slope",2,0,0,0,1
"272","WILL-01","T7",60.1,"outer_slope","steep_slope",0,0,0,0,0
"273","WILL-01","T8",44.8,"outer_slope","steep_slope",1,0,0,0,0
"274","WILL-01","T9",44.1,"outer_slope","steep_slope",3,0,0,0,2
"275","WREC-01","T1",31.5,"outer_slope","gentle_slope",7,0,3,0,3
"276","WREC-01","T2",36.5,"outer_slope","gentle_slope",4,0,10,0,5
"277","WREC-01","T3",36.3,"outer_slope","gentle_slope",15,0,14,0,2
"278","BETT-01","T4",57.6,"outer_slope","steep_slope",0,0,0,0,0
"279","BETT-01","T5",50.9,"outer_slope","steep_slope",0,0,0,0,0
"280","BETT-01","T6",40.4,"outer_slope","steep_slope",2,0,2,0,0
"281","BETT-01","T7",32.3,"outer_slope","flat",3,0,0,0,0
"282","BETT-01","T8",21.1,"outer_slope","flat",4,0,1,0,0
"283","BETT-01","T9",12.6,"outer_slope","gentle_slope",3,0,0,0,1
"284","BETT-01","T10",8.2,"outer_slope","flat",2,0,7,0,0
"285","BETT-01","T11",8.3,"outer_slope","flat",11,8,16,6,1
"286","EDIA-01","T1",48,"lagoon","flat",6,0,0,0,0
"287","EDIA-01","T2",50,"lagoon","flat",4,0,0,0,0
"288","EDIA-01","T3",48,"lagoon","gentle_slope",13,0,0,0,2
"289","EDIA-01","T4",45,"lagoon","gentle_slope",9,0,0,0,0
"290","EDIA-01","T5",45,"lagoon","gentle_slope",13,0,0,0,0
"291","EDIA-01","T6",39,"lagoon","gentle_slope",12,0,0,0,0
"292","EDIA-01","T7",38,"lagoon","gentle_slope",19,0,0,0,0
"293","EDIA-01","T8",32,"lagoon","gentle_slope",3,1,0,0,0
"294","EDIA-01","T9",32,"lagoon","gentle_slope",13,1,0,1,3
"295","EDIA-01","T10",25,"lagoon","gentle_slope",6,0,0,0,1
"296","EDIA-01","T11",26,"lagoon","moderate_slope",9,0,0,0,2
"297","EDIA-01","T12",21,"lagoon","moderate_slope",11,3,0,0,0
"298","EDIA-01","T13",15,"lagoon","moderate_slope",1,0,0,0,0
"299","EDIA-01","T14",19,"lagoon","wall",3,0,0,0,0
"300","EDIA-01","T15",15,"lagoon","wall",2,0,0,0,0
"301","EDIA-01","T16",10,"lagoon","wall",4,0,0,2,0
"302","EDIA-02","T1",30.9,"inner_reef","flat",4,0,0,0,0
"303","EDIA-02","T2",25,"inner_reef","steep_slope",7,0,0,1,2
"304","EDIA-02","T3",32.8,"inner_reef","gentle_slope",0,0,0,0,0
"305","EDIA-02","T4",24.2,"inner_reef","gentle_slope",7,0,0,1,0
"306","EDIA-02","T5",20,"inner_reef","gentle_slope",8,0,0,0,2
"307","EDIA-02","T6",19.1,"inner_reef","gentle_slope",4,0,0,0,1
"308","EDIA-02","T7",15.4,"inner_reef","moderate_slope",11,0,0,0,1
"309","EDIA-02","T8",15.2,"inner_reef","moderate_slope",6,0,0,2,6
"310","EDIA-02","T9",9,"inner_reef","steep_slope",12,0,0,2,2
"311","EDIA-02","T10",8.7,"inner_reef","steep_slope",5,0,2,0,1
"312","EDNA-01","T1",96,"outer_slope","moderate_slope",0,0,0,0,0
"313","EDNA-01","T2",86,"outer_slope","moderate_slope",0,0,0,0,0
"314","EDNA-01","T3",79,"outer_slope","moderate_slope",4,2,0,0,3
"315","EDNA-01","T4",69,"outer_slope","moderate_slope",0,0,0,0,0
"316","EDNA-01","T5",63,"outer_slope","gentle_slope",0,0,0,0,0
"317","EDNA-01","T6",51.3,"outer_slope","gentle_slope",0,0,0,0,0
"318","EDNA-01","T7",48,"outer_slope","moderate_slope",3,0,0,0,0
"319","EDNA-01","T8",39,"outer_slope","moderate_slope",10,0,3,0,6
"320","EDNA-01","T9",26.7,"outer_slope","gentle_slope",7,0,11,0,0
"321","EDNA-01","T10",19.1,"outer_slope","flat",3,0,0,0,0
"322","EDNA-01","T11",14,"outer_slope","moderate_slope",0,0,12,0,0
"323","EDNA-01","T12",9.8,"outer_slope","flat",24,6,4,0,0
"324","FRAN-01","T1",90,"outer_slope","steep_slope",0,0,0,0,0
"325","FRAN-01","T2",79,"outer_slope","steep_slope",0,0,0,0,0
"326","FRAN-01","T3",72,"outer_slope","steep_slope",0,0,0,0,0
"327","FRAN-01","T4",62,"outer_slope","wall",0,0,0,0,0
"328","FRAN-01","T5",52,"outer_slope","wall",0,0,0,0,0
"329","FRAN-01","T6",42,"outer_slope","steep_slope",0,0,0,0,0
"330","FRAN-01","T7",35,"outer_slope","steep_slope",3,0,1,0,2
"331","FRAN-01","T8",25,"outer_slope","moderate_slope",6,3,4,0,2
"332","FRAN-01","T9",14,"outer_slope","moderate_slope",0,1,10,0,1
"333","FRAN-01","T10",8,"outer_slope","gentle_slope",2,0,1,0,0
"334","GEOR-01","T1",96.5,"outer_slope","gentle_slope",0,0,0,0,0
"335","GEOR-01","T2",91,"outer_slope","gentle_slope",0,0,0,0,0
"336","GEOR-01","T3",86.8,"outer_slope","gentle_slope",0,0,0,0,0
"337","GEOR-01","T4",80.9,"outer_slope","moderate_slope",0,0,0,0,0
"338","GEOR-01","T5",77.2,"outer_slope","gentle_slope",0,0,0,0,0
"339","GEOR-01","T6",71.5,"outer_slope","gentle_slope",0,0,0,0,0
"340","GEOR-01","T7",67,"outer_slope","gentle_slope",0,0,0,0,0
"341","GEOR-01","T8",62.3,"outer_slope","flat",0,0,0,0,0
"342","GEOR-01","T9",57.2,"outer_slope","flat",0,0,0,0,0
"343","GEOR-01","T10",51.4,"outer_slope","moderate_slope",8,0,0,0,0
"344","GEOR-01","T11",48,"outer_slope","steep_slope",0,0,0,0,0
"345","GEOR-01","T12",47.9,"outer_slope","moderate_slope",0,0,0,0,0
"346","GEOR-01","T13",41.2,"outer_slope","steep_slope",4,0,0,0,0
"347","GEOR-01","T14",36.2,"outer_slope","moderate_slope",6,1,0,0,0
"348","GEOR-01","T15",32.6,"outer_slope","gentle_slope",5,0,0,0,0
"349","HERM-01","T2",48.1,"lagoon","flat",0,0,4,0,1
"350","HERM-01","T3",46.8,"lagoon","flat",2,0,0,0,4
"351","HERM-01","T5",38.7,"lagoon","flat",0,0,1,0,0
"352","HERM-01","T6",40.2,"lagoon","flat",0,1,0,0,1
"353","HERM-01","T7",41.2,"lagoon","flat",6,0,0,0,0
"354","HERM-01","T8",42.5,"lagoon","flat",3,0,0,0,3
"355","HERM-01","T9",30.1,"lagoon","flat",6,1,1,0,1
"356","HERM-01","T10",30.3,"lagoon","flat",15,1,7,0,1
"357","HERM-01","T11",31,"lagoon","flat",8,2,4,0,2
"358","HERM-01","T12",33.2,"lagoon","flat",1,0,0,0,0
"359","HERM-01","T13",21.1,"lagoon","flat",4,0,0,0,0
"360","HERM-01","T14",22,"lagoon","flat",4,0,0,0,1
"361","HERM-01","T16",23.7,"lagoon","gentle_slope",4,0,0,0,0
"362","HERM-01","T17",14.1,"lagoon","moderate_slope",1,0,0,2,2
"363","HERM-01","T18",15.2,"lagoon","moderate_slope",3,0,1,0,6
"364","HERM-01","T19",13.5,"lagoon","moderate_slope",4,1,2,0,6
"365","HERM-01","T20",10.2,"lagoon","moderate_slope",2,1,0,5,2
"366","JULI-01","T1",98,"outer_slope","steep_slope",1,0,0,0,0
"367","JULI-01","T2",80,"outer_slope","moderate_slope",0,0,0,0,0
"368","JULI-01","T3",68,"outer_slope","flat",4,0,0,0,0
"369","JULI-01","T4",59,"outer_slope","gentle_slope",0,0,0,0,0
"370","JULI-01","T5",70,"outer_slope","gentle_slope",0,0,0,0,0
"371","JULI-01","T6",49.3,"outer_slope","gentle_slope",0,0,0,0,0
"372","JULI-01","T7",34.9,"outer_slope","gentle_slope",14,0,6,1,1
"373","JULI-01","T8",28,"outer_slope","gentle_slope",0,0,5,0,0
"374","JULI-02","T1",98,"outer_slope","moderate_slope",0,0,0,0,0
"375","JULI-02","T2",94.2,"outer_slope","moderate_slope",0,0,0,0,1
"376","JULI-02","T3",86.4,"outer_slope","moderate_slope",0,0,0,0,1
"377","JULI-02","T4",77,"outer_slope","moderate_slope",2,0,3,0,0
"378","JULI-02","T5",67.1,"outer_slope","moderate_slope",4,0,0,1,3
"379","JULI-02","T6",59.1,"outer_slope","gentle_slope",0,0,0,0,2
"380","JULI-02","T7",55.6,"outer_slope","gentle_slope",0,0,0,0,0
"381","JULI-02","T8",47.6,"outer_slope","gentle_slope",11,2,3,0,0
"382","JULI-02","T9",35.4,"outer_slope","moderate_slope",4,0,4,0,1
"383","LORN-01","T1",86,"outer_slope","wall",0,0,0,0,0
"384","LORN-01","T2",81,"outer_slope","wall",0,0,0,0,0
"385","LORN-01","T3",74,"outer_slope","wall",0,0,0,0,0
"386","LORN-01","T4",64,"outer_slope","steep_slope",0,0,0,0,0
"387","LORN-01","T5",52,"outer_slope","steep_slope",0,0,0,0,0
"388","LORN-01","T6",46,"outer_slope","steep_slope",1,0,0,0,0
"389","LORN-01","T7",34,"outer_slope","flat",10,0,0,0,0
"390","LORN-01","T8",27,"outer_slope","flat",7,0,2,0,0
"391","LORN-01","T9",9,"outer_slope","flat",3,1,1,1,1
"392","LORN-01","T10",4,"outer_slope","flat",4,0,3,0,0
"393","LORN-02","T3",25,"lagoon","flat",0,0,0,0,0
"394","LORN-02","T4",15,"lagoon","flat",7,33,3,0,2
"395","LORN-02","T5",7,"lagoon","flat",4,1,3,1,2
"396","MARG-01","T1",91,"outer_slope","steep_slope",0,0,0,0,0
"397","MARG-01","T2",91.9,"outer_slope","steep_slope",0,0,0,0,0
"398","MARG-01","T3",72.2,"outer_slope","moderate_slope",0,0,0,0,0
"399","MARG-01","T4",62,"outer_slope","gentle_slope",0,0,0,0,0
"400","MARG-01","T5",53.3,"outer_slope","steep_slope",2,0,0,0,1
"401","MARG-01","T6",43.6,"outer_slope","moderate_slope",4,1,4,0,0
"402","MARG-01","T7",34.2,"outer_slope","moderate_slope",0,0,5,0,0
"403","MARG-01","T8",25.2,"outer_slope","moderate_slope",17,1,0,0,4
"404","MARG-01","T9",17.3,"outer_slope","gentle_slope",4,0,0,0,0
"405","MARG-01","T10",9,"outer_slope","gentle_slope",7,0,7,5,5
"406","MARG-02","T1",43.8,"lagoon","gentle_slope",0,0,0,0,0
"407","MARG-02","T2",42.2,"lagoon","moderate_slope",4,0,0,0,0
"408","MARG-02","T3",34.5,"lagoon","moderate_slope",16,0,0,0,0
"409","MARG-02","T4",34.9,"lagoon","moderate_slope",0,1,0,0,0
"410","MARG-02","T6",24.3,"lagoon","gentle_slope",0,0,0,0,0
"411","MARG-02","T8",13.8,"lagoon","moderate_slope",38,0,0,0,0
"412","MARG-02","T9",7.7,"lagoon","moderate_slope",56,2,6,0,0
"413","MARG-02","T10",6.4,"lagoon","moderate_slope",37,2,1,0,1
"414","MIDD-01","T1",40,"inner_reef","flat",2,0,2,1,0
"415","MIDD-01","T2",40,"inner_reef","flat",1,0,1,0,0
"416","MIDD-01","T3",30,"inner_reef","flat",3,0,1,2,0
"417","MIDD-01","T4",28,"inner_reef","flat",0,0,0,0,0
"418","MIDD-01","T5",26,"inner_reef","flat",4,0,0,0,0
"419","MIDD-01","T6",21,"inner_reef","steep_slope",11,1,5,0,3
"420","MIDD-01","T7",11,"inner_reef","flat",20,0,10,1,2
"421","MIDD-01","T8",10,"inner_reef","flat",12,0,23,0,10
"422","MIDD-01","T9",4,"inner_reef","flat",0,3,6,0,0
"423","MIDD-01","T10",5,"inner_reef","flat",6,0,0,0,0
"424","OBSN-01","T2",82,"outer_slope","wall",0,0,0,0,0
"425","OBSN-01","T3",76,"outer_slope","wall",0,0,0,0,0
"426","OBSN-01","T4",63,"outer_slope","wall",1,0,0,0,0
"427","OBSN-01","T5",55,"outer_slope","wall",0,0,0,0,0
"428","OBSN-01","T6",41,"outer_slope","wall",0,0,0,0,0
"429","OBSN-01","T7",33,"outer_slope","wall",5,0,4,0,0
"430","OBSN-01","T8",25,"outer_slope","wall",5,0,3,1,0
"431","OBSN-01","T9",16,"outer_slope","wall",6,1,3,0,0
"432","OBSN-01","T10",5,"outer_slope","wall",3,2,14,5,1
"433","OBSN-01","T11",5,"outer_slope","wall",10,9,5,0,2
"434","SDIA-01","T1",35.3,"lagoon","flat",0,51,0,0,0
"435","SDIA-01","T2",35.6,"lagoon","flat",0,1,0,0,0
"436","SDIA-01","T4",36.2,"lagoon","flat",0,0,0,0,0
"437","SDIA-02","T1",31.5,"outer_slope","flat",7,0,1,0,0
"438","SDIA-02","T2",36,"outer_slope","flat",8,0,0,0,1
"439","SDIA-02","T3",43.7,"outer_slope","flat",2,0,0,0,1
"440","SDIA-02","T4",47.5,"outer_slope","flat",4,0,0,0,1
"441","SDIA-02","T5",41.7,"outer_slope","flat",2,0,0,0,1
"442","SDIA-02","T6",35.1,"outer_slope","flat",3,0,0,0,0
"443","SDIA-02","T7",33.3,"outer_slope","flat",4,0,0,0,0
"444","SDIA-02","T8",28.8,"outer_slope","gentle_slope",1,1,0,0,0
"445","SDIA-02","T9",24.7,"outer_slope","gentle_slope",7,0,0,0,0
"446","SDIA-02","T10",23.7,"outer_slope","gentle_slope",5,0,0,0,0
"447","SDIA-02","T11",21.4,"outer_slope","gentle_slope",7,0,0,0,0
"448","SDIA-02","T12",20,"outer_slope","gentle_slope",14,0,0,0,0
"449","SDIA-02","T1",68.3,"outer_slope","flat",0,0,0,0,0
"450","SDIA-02","T2",62.3,"outer_slope","flat",0,0,0,0,0
"451","SDIA-02","T4",58.3,"outer_slope","flat",0,0,0,0,0
"452","SDIA-02","T5",59.3,"outer_slope","flat",0,0,0,0,0
"453","SDIA-02","T6",57.8,"outer_slope","flat",0,0,0,0,0
"454","SDIA-02","T8",55,"outer_slope","flat",0,0,0,0,0
"455","SDIA-02","T1",95.3,"outer_slope","gentle_slope",2,0,0,0,0
"456","SDIA-02","T2",93.9,"outer_slope","gentle_slope",1,0,0,0,0
"457","SDIA-02","T3",94.1,"outer_slope","gentle_slope",3,0,0,0,0
"458","SDIA-02","T4",97.2,"outer_slope","gentle_slope",2,0,0,0,0
"459","SDIA-02","T5",88.7,"outer_slope","gentle_slope",2,0,0,0,0
"460","SDIA-02","T6",87,"outer_slope","gentle_slope",1,0,0,0,0
"461","SDIA-02","T7",84.4,"outer_slope","gentle_slope",1,0,0,0,1
"462","SDIA-02","T8",81.7,"outer_slope","gentle_slope",2,0,0,0,0
"463","SDIA-02","T9",78.2,"outer_slope","gentle_slope",2,0,0,0,0
"464","SDIA-02","T10",74.1,"outer_slope","gentle_slope",0,1,0,0,0
"465","SDIA-02","T12",68.7,"outer_slope","flat",0,0,0,0,0
"466","SDIA-02","T13",66.8,"outer_slope","flat",0,1,0,0,0
"467","SDIA-02","T14",66.4,"outer_slope","flat",0,0,0,0,0
"468","SDIA-02","T15",79,"outer_slope","gentle_slope",4,0,0,0,2
"469","SDIA-02","T1",15.2,"outer_slope","gentle_slope",32,0,1,6,0
"470","SHAR-01","T1",92,"outer_slope","wall",0,0,0,0,0
"471","SHAR-01","T2",85,"outer_slope","wall",1,0,0,0,0
"472","SHAR-01","T3",77,"outer_slope","moderate_slope",0,0,0,0,1
"473","SHAR-01","T4",64,"outer_slope","gentle_slope",0,0,0,0,0
"474","SHAR-01","T5",53,"outer_slope","moderate_slope",0,0,0,0,0
"475","SHAR-01","T6",44,"outer_slope","wall",0,0,0,0,0
"476","SHAR-01","T7",36,"outer_slope","steep_slope",7,2,3,0,0
"477","SHAR-01","T8",28,"outer_slope","gentle_slope",2,0,16,0,0
"478","SHAR-01","T9",18,"outer_slope","gentle_slope",0,7,0,0,0
"479","SHAR-01","T10",11,"outer_slope","flat",1,3,14,0,0
"480","SWCA-01","T9",71.4,"outer_slope","flat",0,0,0,0,0
"481","SWCA-01","T10",68,"outer_slope","flat",0,0,0,0,0
"482","SWCA-01","T11",64,"outer_slope","flat",0,0,0,0,0
"483","SWCA-01","T1",97.4,"outer_slope","flat",0,0,0,0,0
"484","SWCA-01","T2",94,"outer_slope","flat",0,0,0,0,0
"485","SWCA-01","T3",91.6,"outer_slope","flat",0,0,0,0,0
"486","SWCA-01","T4",86.5,"outer_slope","flat",0,0,0,0,0
"487","SWCA-01","T5",83.8,"outer_slope","flat",0,0,0,0,0
"488","SWCA-01","T6",81.6,"outer_slope","flat",0,0,0,0,0
"489","SWCA-01","T7",77.3,"outer_slope","flat",0,0,0,0,0
"490","SWCA-01","T8",74.6,"outer_slope","flat",0,0,0,0,0
"491","SWCA-01","T12",61.2,"outer_slope","flat",0,0,1,0,0
"492","SWCA-01","T13",58.2,"outer_slope","gentle_slope",0,0,0,0,0
"493","SWCA-01","T14",55.1,"outer_slope","gentle_slope",0,0,0,0,0
"494","SWCA-01","T15",52.4,"outer_slope","gentle_slope",0,0,0,0,0
"495","SWCA-01","T16",48.1,"outer_slope","steep_slope",2,0,0,0,0
"496","SWCA-01","T17",44.1,"outer_slope","moderate_slope",3,0,0,0,0
"497","SWCA-01","T18",40.5,"outer_slope","moderate_slope",8,0,1,0,1
"498","SWCA-01","T19",37.4,"outer_slope","moderate_slope",3,0,4,0,3
"499","SWCA-01","T20",35,"outer_slope","gentle_slope",8,0,0,0,1
"500","SWCA-01","T21",32.1,"outer_slope","steep_slope",4,0,0,0,1
"501","SWCA-01","T22",27.9,"outer_slope","steep_slope",10,0,0,0,4
"502","SWCA-01","T23",24.9,"outer_slope","moderate_slope",11,0,0,0,6
"503","SWCA-01","T24",22.4,"outer_slope","moderate_slope",8,0,0,0,1
"504","SWCA-01","T25",19.4,"outer_slope","gentle_slope",28,3,0,0,1
"505","SWCA-01","T26",15.4,"outer_slope","moderate_slope",8,0,2,0,0
"506","SWCA-01","T27",11,"outer_slope","steep_slope",0,4,4,0,1
"507","TURT-01","T1",90,"outer_slope","wall",0,0,0,0,0
"508","TURT-01","T4",70,"outer_slope","wall",0,0,0,0,0
"509","TURT-01","T5",61,"outer_slope","wall",0,0,0,0,1
"510","TURT-01","T6",50,"outer_slope","wall",3,0,0,0,0
"511","BOUG-01","T1",98.5,"outer_slope","wall",0,0,0,0,0
"512","BOUG-01","T2",91.1,"outer_slope","wall",0,0,0,0,0
"513","BOUG-01","T3",90.9,"outer_slope","wall",0,0,0,0,0
"514","BOUG-01","T4",85.7,"outer_slope","wall",2,0,0,0,0
"515","BOUG-01","T5",81.9,"outer_slope","steep_slope",1,0,0,0,0
"516","BOUG-01","T6",76.4,"outer_slope","steep_slope",2,0,0,0,0
"517","BOUG-01","T7",71.4,"outer_slope","steep_slope",0,0,0,0,0
"518","BOUG-01","T8",66.3,"outer_slope","steep_slope",3,0,1,0,0
"519","BOUG-01","T9",24.1,"outer_slope","wall",0,0,0,0,0
"520","BOUG-01","T10",20.3,"outer_slope","wall",1,0,0,0,0
"521","BOUG-01","T11",17.6,"outer_slope","wall",5,0,0,0,0
"522","BOUG-01","T12",13.8,"outer_slope","steep_slope",8,0,0,0,1
"523","BOUG-01","T13",12.5,"outer_slope","wall",2,22,0,0,0
"524","BOUG-01","T14",9.3,"outer_slope","wall",14,7,1,1,4
"525","BOUG-01","T15",7.5,"outer_slope","wall",5,4,7,8,1
"526","BOUG-01","T16",5.5,"outer_slope","wall",4,0,7,1,1
"527","BOUG-01","T17",3.6,"outer_slope","steep_slope",99,1,30,13,2
"528","FLIN-01","T1",41.5,"outer_slope","steep_slope",3,0,0,0,0
"529","FLIN-01","T2",34.3,"outer_slope","steep_slope",1,0,1,0,0
"530","FLIN-01","T3",30.2,"outer_slope","steep_slope",3,0,4,0,0
"531","FLIN-01","T4",25.3,"outer_slope","steep_slope",4,0,1,0,0
"532","FLIN-01","T5",20.4,"outer_slope","steep_slope",0,1,3,0,1
"533","FLIN-01","T6",15.3,"outer_slope","steep_slope",0,0,2,1,1
"534","FLIN-01","T7",9.9,"outer_slope","moderate_slope",2,0,0,5,1
"535","FLIN-01","T8",5.2,"outer_slope","gentle_slope",0,2,5,0,0
"536","FLIN-01","T1",98.6,"outer_slope","gentle_slope",0,0,0,0,0
"537","FLIN-01","T3",87.2,"outer_slope","gentle_slope",0,0,0,0,0
"538","FLIN-01","T5",77.4,"outer_slope","gentle_slope",0,0,0,0,0
"539","FLIN-01","T6",72.3,"outer_slope","gentle_slope",0,0,0,0,0
"540","FLIN-01","T7",67.1,"outer_slope","gentle_slope",0,1,0,0,0
"541","FLIN-01","T9",51.1,"outer_slope","gentle_slope",0,0,0,0,0
"542","FLIN-01","T10",45.7,"outer_slope","gentle_slope",1,0,0,0,0
"543","FLIN-04","T1",34.1,"lagoon","flat",0,3,2,1,0
"544","FLIN-04","T5",18.8,"lagoon","gentle_slope",16,0,0,0,6
"545","HOLM-03","T1",98.7,"outer_slope","gentle_slope",0,0,0,0,0
"546","HOLM-03","T2",91.4,"outer_slope","gentle_slope",0,0,0,0,0
"547","HOLM-03","T3",87.6,"outer_slope","gentle_slope",0,0,0,0,0
"548","HOLM-03","T4",82.2,"outer_slope","gentle_slope",0,0,0,0,0
"549","HOLM-03","T5",77.4,"outer_slope","gentle_slope",0,0,0,0,0
"550","HOLM-03","T6",71.7,"outer_slope","gentle_slope",0,0,0,0,0
"551","HOLM-03","T7",68.2,"outer_slope","gentle_slope",0,0,0,0,0
"552","HOLM-03","T8",61.6,"outer_slope","gentle_slope",1,0,0,0,0
"553","HOLM-03","T9",57.1,"outer_slope","gentle_slope",1,0,0,0,0
"554","HOLM-03","T10",51.5,"outer_slope","gentle_slope",0,0,0,0,0
"555","HOLM-03","T1",52.1,"outer_slope","gentle_slope",0,0,0,0,0
"556","HOLM-03","T2",46.8,"outer_slope","gentle_slope",0,0,0,0,1
"557","HOLM-03","T3",41.6,"outer_slope","gentle_slope",1,0,0,0,0
"558","HOLM-03","T4",37.1,"outer_slope","gentle_slope",0,0,0,0,0
"559","HOLM-03","T5",32.2,"outer_slope","gentle_slope",1,0,0,0,0
"560","HOLM-03","T6",27.3,"outer_slope","gentle_slope",2,0,1,3,0
"561","HOLM-03","T7",22.4,"outer_slope","gentle_slope",4,0,1,0,0
"562","HOLM-03","T8",18.2,"outer_slope","gentle_slope",3,0,4,0,5
"563","HOLM-03","T9",12.6,"outer_slope","gentle_slope",6,1,6,1,1
"564","HOLM-03","T10",9.6,"outer_slope","gentle_slope",1,3,7,5,1
"565","HOLM-03","T11",2.3,"outer_slope","gentle_slope",4,1,47,5,1
"566","HOLM-04","T1",54,"outer_slope","flat",0,0,0,0,0
"567","HOLM-04","T2",47,"outer_slope","gentle_slope",0,0,0,0,0
"568","HOLM-04","T3",41,"outer_slope","gentle_slope",3,0,0,0,0
"569","HOLM-04","T4",37,"outer_slope","gentle_slope",6,0,0,0,2
"570","HOLM-04","T5",32,"outer_slope","gentle_slope",6,0,3,2,1
"571","HOLM-04","T6",28,"outer_slope","gentle_slope",2,0,3,0,0
"572","HOLM-04","T7",22,"outer_slope","gentle_slope",5,0,7,2,1
"573","HOLM-04","T8",17,"outer_slope","gentle_slope",13,0,6,2,2
"574","HOLM-04","T9",12,"outer_slope","moderate_slope",2,1,2,0,2
"575","HOLM-04","T10",7,"outer_slope","moderate_slope",0,0,2,0,0
"576","HOLM-04","T11",3,"outer_slope","gentle_slope",1,0,3,2,0
"577","HOLM-04","T1",95,"outer_slope","wall",0,0,0,0,0
"578","HOLM-04","T2",91,"outer_slope","wall",0,0,0,0,0
"579","HOLM-04","T3",85,"outer_slope","wall",0,0,0,0,0
"580","HOLM-04","T4",81,"outer_slope","wall",0,0,0,0,0
"581","HOLM-04","T5",75,"outer_slope","wall",0,0,0,0,0
"582","HOLM-04","T6",71,"outer_slope","wall",1,0,0,0,0
"583","HOLM-04","T7",65,"outer_slope","wall",0,0,0,0,0
"584","HOLM-04","T8",63,"outer_slope","steep_slope",0,0,0,0,0
"585","HOLM-04","T9",56,"outer_slope","moderate_slope",0,0,0,0,0
"586","FRED-02","T14",24,"lagoon","gentle_slope",4,0,0,0,0
"587","HSUP-01","T1",61.3,"outer_slope","steep_slope",2,0,0,0,0
"588","HSUP-01","T2",55.5,"outer_slope","steep_slope",3,0,1,0,0
"589","HSUP-01","T3",47.6,"outer_slope","steep_slope",6,0,3,0,0
"590","HSUP-01","T4",39.6,"outer_slope","steep_slope",16,0,5,0,0
"591","HSUP-01","T5",28.4,"outer_slope","gentle_slope",20,2,21,1,1
"592","HSUP-01","T6",18.6,"outer_slope","moderate_slope",6,3,12,1,2
"593","HSUP-01","T7",13.7,"outer_slope","steep_slope",14,5,9,5,4
"594","HSUP-01","T8",9.6,"outer_slope","steep_slope",1,1,6,2,20
"595","KENN-02","T4",20,"lagoon","gentle_slope",0,3,0,0,0
"596","MARI-02","T13",48,"lagoon","flat",4,0,1,0,0
"597","MARI-02","T14",45,"lagoon","flat",0,1,3,1,0
"598","MARI-02","T15",44,"lagoon","flat",4,1,0,0,0
"599","MARI-02","T16",46,"lagoon","flat",4,0,2,0,5
"600","MARI-02","T17",54,"lagoon","flat",5,0,0,0,0
"601","MARI-02","T1",18,"lagoon","flat",3,0,2,5,0
"602","MARI-02","T4",38,"lagoon","flat",11,0,0,0,0
"603","MARI-02","T5",41,"lagoon","flat",5,0,1,0,0
"604","MARI-02","T6",43,"lagoon","flat",2,1,0,1,0
"605","MARI-02","T7",44,"lagoon","flat",3,1,4,0,2
"606","MARI-02","T8",44,"lagoon","flat",0,0,0,0,0
"607","MARI-02","T9",44,"lagoon","flat",6,0,0,1,1
"608","MARI-02","T10",45,"lagoon","flat",4,2,2,0,5
"609","MARI-02","T11",46,"lagoon","flat",0,0,1,0,0
"610","MARI-02","T12",46,"lagoon","flat",1,2,2,0,6
"611","SAUM-02","T5",22.2,"lagoon","flat",0,0,0,0,0
"612","SAUM-02","T6",23.1,"lagoon","flat",0,0,0,0,0
"613","ASHM-01","T1",31,"outer_slope","moderate_slope",8,0,1,1,11
"614","ASHM-01","T2",37,"outer_slope","gentle_slope",7,0,0,0,1
"615","ASHM-01","T3",38,"outer_slope","gentle_slope",7,0,0,0,0
"616","ASHM-01","T4",55,"outer_slope","gentle_slope",0,0,0,0,0
"617","ASHM-01","T5",53,"outer_slope","gentle_slope",0,0,0,0,0
"618","ASHM-01","T6",55,"outer_slope","flat",0,0,0,0,0
"619","ASHM-01","T7",49,"outer_slope","flat",1,0,0,0,0
"620","ASHM-01","T8",43,"outer_slope","moderate_slope",6,0,0,0,0
"621","ASHM-01","T9",52,"outer_slope","gentle_slope",0,0,0,0,0
"622","ASHM-02","T1",65,"outer_slope","gentle_slope",2,0,0,0,0
"623","ASHM-02","T3",58,"outer_slope","flat",0,0,0,0,0
"624","ASHM-02","T4",53,"outer_slope","flat",0,0,0,0,0
"625","ASHM-02","T5",47,"outer_slope","flat",0,0,0,0,0
"626","ASHM-02","T6",42,"outer_slope","gentle_slope",0,0,0,0,0
"627","ASHM-02","T7",37,"outer_slope","wall",2,1,3,0,1
"628","ASHM-03","T1",73.2,"outer_slope","gentle_slope",0,0,0,0,0
"629","ASHM-03","T2",65,"outer_slope","gentle_slope",0,0,0,0,0
"630","ASHM-04","T1",52,"outer_slope","moderate_slope",6,0,0,0,0
"631","ASHM-04","T2",45,"outer_slope","steep_slope",6,0,4,2,5
"632","ASHM-04","T3",42,"outer_slope","steep_slope",9,0,2,0,1
"633","ASHM-04","T4",38,"outer_slope","steep_slope",10,0,1,0,0
"634","ASHM-04","T5",32,"outer_slope","moderate_slope",10,0,2,0,0
"635","ASHM-04","T6",20,"outer_slope","gentle_slope",8,0,0,0,0
"636","ASHM-04","T7",17.5,"outer_slope","gentle_slope",4,0,0,0,0
"637","BOOT-01","T1",67,"outer_slope","moderate_slope",1,0,0,0,3
"638","BOOT-01","T2",57,"outer_slope","steep_slope",0,0,1,0,2
"639","CHIL-01","T1",36.5,"lagoon","flat",0,0,0,0,0
"640","OSPR-02","T4",90.6,"outer_slope","wall",0,0,0,0,0
"641","HERM-01","T1",49.4,"lagoon","flat",0,0,0,0,0
"642","SDIA-02","T11",73.5,"outer_slope","gentle_slope",0,0,0,0,0
"643","SAUM-02","T2",20.4,"lagoon","flat",0,0,0,0,0
"644","SAUM-02","T3",21.1,"lagoon","flat",0,0,0,0,0
"645","SAUM-02","T4",21.5,"lagoon","flat",0,0,0,0,0
"646","ASHM-02","T2",67.5,"outer_slope","flat",0,0,0,0,0
"647","BOOT-01","T3",47,"outer_slope","moderate_slope",0,0,0,0,0
