"","Site","Transect","Depth_m","Habitat","Aspect","Diversity","Observed","Estimator","s.e.","LCL","UCL"
"1","ASHM-01","T1",31,"outer_slope","moderate_slope","Species richness",10,13.8095238095238,4.10250714179559,10,21.8502900537615
"2","ASHM-01","T2",37,"outer_slope","gentle_slope","Species richness",5,5.58333333333333,2.64402341393035,5,10.7655239989175
"3","ASHM-01","T3",38,"outer_slope","gentle_slope","Species richness",4,5.71428571428571,2.24820079693416,4,10.1206783062909
"4","ASHM-01","T7",49,"outer_slope","flat","Species richness",1,1,0,1,1
"5","ASHM-01","T8",43,"outer_slope","moderate_slope","Species richness",3,3.41666666666667,1.23282220503428,3,5.83295378787511
"6","ASHM-02","T1",65,"outer_slope","gentle_slope","Species richness",1,1,0,1,1
"7","ASHM-02","T7",37,"outer_slope","wall","Species richness",6,16.7142857142857,5.99177801944139,6,28.4579548357496
"8","ASHM-04","T1",52,"outer_slope","moderate_slope","Species richness",2,2,0.256432399976243,2,2.50259826842261
"9","ASHM-04","T2",45,"outer_slope","steep_slope","Species richness",8,15.5294117647059,7.30523024666919,8,29.8473999469501
"10","ASHM-04","T3",42,"outer_slope","steep_slope","Species richness",6,11.5,4.07501896418419,6,19.4868904061187
"11","ASHM-04","T4",38,"outer_slope","steep_slope","Species richness",4,4,0.865925992040579,4,5.69718375767665
"12","ASHM-04","T5",32,"outer_slope","moderate_slope","Species richness",5,5.45833333333333,1.73620857575745,5,8.86123961146752
"13","ASHM-04","T6",20,"outer_slope","gentle_slope","Species richness",3,3,0.591282418975822,3,4.15889224588433
"14","ASHM-04","T7",17.5,"outer_slope","gentle_slope","Species richness",2,2,0.337997668989631,2,2.66246325807817
"15","BETT-01","T10",8.2,"outer_slope","flat","Species richness",3,3.88888888888889,0.901783575841822,3,5.6563522193886
"16","BETT-01","T11",8.3,"outer_slope","flat","Species richness",10,22.202380952381,7.7410731388825,10,37.3746055062811
"17","BETT-01","T6",40.4,"outer_slope","steep_slope","Species richness",2,2,0.256432399976243,2,2.50259826842261
"18","BETT-01","T7",32.3,"outer_slope","flat","Species richness",2,2.33333333333333,1.14775924770164,2,4.58290012175132
"19","BETT-01","T8",21.1,"outer_slope","flat","Species richness",2,2,0.409360180740332,2,2.80233121095586
"20","BETT-01","T9",12.6,"outer_slope","gentle_slope","Species richness",2,2,0.479372485441102,2,2.93955280664401
"21","BOOT-01","T1",67,"outer_slope","moderate_slope","Species richness",2,2,0.456048021572069,2,2.893837697502
"22","BOOT-01","T2",57,"outer_slope","steep_slope","Species richness",2,2.33333333333333,1.3105117616569,2,4.901889187497
"23","BOUG-01","T1",65,"outer_slope","steep_slope","Species richness",1,1,0,1,1
"24","BOUG-01","T10",20.3,"outer_slope","wall","Species richness",1,1,0,1,1
"25","BOUG-01","T10",54.7,"outer_slope","steep_slope","Species richness",1,1,0,1,1
"26","BOUG-01","T11",17.6,"outer_slope","wall","Species richness",2,2,0.301511344577764,2,2.59095137630266
"27","BOUG-01","T12",13.8,"outer_slope","steep_slope","Species richness",7,20.3333333333333,7.49747432220486,7,35.0281129798687
"28","BOUG-01","T12",45.5,"outer_slope","steep_slope","Species richness",2,2.5,0.676891289781319,2,3.82668254942025
"29","BOUG-01","T13",12.5,"outer_slope","wall","Species richness",3,3.95833333333333,0.829248061881437,3,5.58362966887059
"30","BOUG-01","T14",9.3,"outer_slope","wall","Species richness",8,17.6296296296296,6.75743142306142,8,30.8739518468293
"31","BOUG-01","T15",7.5,"outer_slope","wall","Species richness",10,11.44,4.26303564511431,10,19.7953963292345
"32","BOUG-01","T16",36.4,"outer_slope","wall","Species richness",2,2.33333333333333,1.16792140319475,2,4.62241722036853
"33","BOUG-01","T16",5.5,"outer_slope","wall","Species richness",7,20.8461538461538,7.42371898781636,7,35.3963756936201
"34","BOUG-01","T17",3.6,"outer_slope","steep_slope","Species richness",15,16.4896551724138,4.12205349387337,15,24.5687315627531
"35","BOUG-01","T17",35.1,"outer_slope","wall","Species richness",3,3.83333333333333,1.31150161108167,3,6.40382925671966
"36","BOUG-01","T18",28.5,"outer_slope","wall","Species richness",1,1,0,1,1
"37","BOUG-01","T19",22.3,"outer_slope","wall","Species richness",1,1,0,1,1
"38","BOUG-01","T2",66.7,"outer_slope","wall","Species richness",2,2.5,0.719058728161653,2,3.90932920996602
"39","BOUG-01","T4",67.8,"outer_slope","wall","Species richness",1,1,0,1,1
"40","BOUG-01","T4",85.7,"outer_slope","wall","Species richness",1,1,0,1,1
"41","BOUG-01","T5",81.9,"outer_slope","steep_slope","Species richness",1,1,0,1,1
"42","BOUG-01","T6",58.1,"outer_slope","steep_slope","Species richness",3,3.83333333333333,0.944433674923743,3,5.68438932197068
"43","BOUG-01","T6",76.4,"outer_slope","steep_slope","Species richness",1,1,0,1,1
"44","BOUG-01","T7",57.8,"outer_slope","steep_slope","Species richness",2,2.5,0.75,2,3.96997298840504
"45","BOUG-01","T8",57.2,"outer_slope","steep_slope","Species richness",1,1,0,1,1
"46","BOUG-01","T8",66.3,"outer_slope","steep_slope","Species richness",3,4.5,2.31535825270817,3,9.03801878661561
"47","BOUG-02","T1",67.1,"outer_slope","steep_slope","Species richness",2,2.33333333333333,1.08866210790363,2,4.46707185615792
"48","BOUG-02","T10",52.1,"outer_slope","steep_slope","Species richness",3,4.5,2.22869260039843,3,8.86815722939184
"49","BOUG-02","T11",47.6,"outer_slope","steep_slope","Species richness",1,1,0,1,1
"50","BOUG-02","T13",45.8,"outer_slope","steep_slope","Species richness",2,2.33333333333333,1.04446593573419,2,4.38044895045127
"51","BOUG-02","T14",45,"outer_slope","moderate_slope","Species richness",1,1,0,1,1
"52","BOUG-02","T15",44.9,"outer_slope","wall","Species richness",1,1,0,1,1
"53","BOUG-02","T18",33.1,"outer_slope","wall","Species richness",1,1,0,1,1
"54","BOUG-02","T19",32.5,"outer_slope","steep_slope","Species richness",5,5.93333333333333,2.2335667108689,5,10.311043643704
"55","BOUG-02","T2",67.1,"outer_slope","steep_slope","Species richness",2,2.5,0.708872343937891,2,3.88936426375476
"56","BOUG-02","T20",31.1,"outer_slope","moderate_slope","Species richness",11,45.1052631578947,18.2729752729345,11,80.9196365832373
"57","BOUG-02","T21",28.4,"outer_slope","wall","Species richness",4,8.5,2.23025001995632,4.12879028436588,12.8712097156341
"58","BOUG-02","T22",27.3,"outer_slope","wall","Species richness",4,6.5,2.44380214242798,4,11.2897641845007
"59","BOUG-02","T23",24.8,"outer_slope","steep_slope","Species richness",3,5,1.35338458379347,3,7.65258504146694
"60","BOUG-02","T24",24.2,"outer_slope","wall","Species richness",2,2.5,0.66929406500771,2,3.81179226248152
"61","BOUG-02","T25",22.3,"outer_slope","steep_slope","Species richness",7,18.25,7.44791789680007,7,32.8476508375394
"62","BOUG-02","T26",15.4,"outer_slope","moderate_slope","Species richness",3,5,1.37340459427421,3,7.6918235409793
"63","BOUG-02","T27",13.4,"outer_slope","steep_slope","Species richness",6,13.1111111111111,7.33645785900439,6,27.4903042888555
"64","BOUG-02","T28",9.8,"outer_slope","steep_slope","Species richness",3,5,1.41430879240333,3,7.77199429612886
"65","BOUG-02","T3",64.5,"outer_slope","steep_slope","Species richness",2,2,0.468826172262151,2,2.91888241264359
"66","BOUG-02","T5",63,"outer_slope","wall","Species richness",1,1,0,1,1
"67","BOUG-02","T6",58.4,"outer_slope","moderate_slope","Species richness",1,1,0,1,1
"68","BOUG-02","T7",57.7,"outer_slope","moderate_slope","Species richness",1,1,0,1,1
"69","BOUG-02","T8",55.3,"outer_slope","moderate_slope","Species richness",7,14.4285714285714,6.36489304815902,7,26.9035325684125
"70","BOUG-02","T9",53.6,"outer_slope","moderate_slope","Species richness",3,5,1.39905371258027,3,7.74209488909437
"71","EDIA-01","T1",48,"lagoon","flat","Species richness",1,1,0,1,1
"72","EDIA-01","T10",25,"lagoon","gentle_slope","Species richness",3,3.85714285714286,0.954020234218051,3,5.7269881567327
"73","EDIA-01","T11",26,"lagoon","moderate_slope","Species richness",3,3.45454545454545,1.29247849801665,3,5.98775676145051
"74","EDIA-01","T12",21,"lagoon","moderate_slope","Species richness",6,11.5714285714286,3.90750971854361,6,19.2300068890143
"75","EDIA-01","T13",15,"lagoon","moderate_slope","Species richness",1,1,0,1,1
"76","EDIA-01","T14",19,"lagoon","wall","Species richness",3,5,1.519584088647,3,7.97833008522824
"77","EDIA-01","T15",15,"lagoon","wall","Species richness",1,1,0,1,1
"78","EDIA-01","T16",10,"lagoon","wall","Species richness",3,3,0.669109057191175,3,4.31142965382425
"79","EDIA-01","T2",50,"lagoon","flat","Species richness",1,1,0,1,1
"80","EDIA-01","T3",48,"lagoon","gentle_slope","Species richness",3,3,0.361438701448256,3,3.70840683745751
"81","EDIA-01","T4",45,"lagoon","gentle_slope","Species richness",2,2,0.272659924344291,2,2.53440363174223
"82","EDIA-01","T5",45,"lagoon","gentle_slope","Species richness",4,4.46153846153846,1.31037683224028,4,7.02982985890509
"83","EDIA-01","T6",39,"lagoon","gentle_slope","Species richness",4,4.91666666666667,0.878681404008461,4,6.63885057240834
"84","EDIA-01","T7",38,"lagoon","gentle_slope","Species richness",4,4.94736842105263,0.82596100972141,4,6.56622225274093
"85","EDIA-01","T8",32,"lagoon","gentle_slope","Species richness",3,4.5,1.81533173082203,3,8.05798481240393
"86","EDIA-01","T9",32,"lagoon","gentle_slope","Species richness",6,10.25,3.73167882261006,6,17.5639560941866
"87","EDIA-02","T1",30.9,"inner_reef","flat","Species richness",3,4.5,1.93257560908972,3,8.2877785912164
"88","EDIA-02","T10",8.7,"inner_reef","steep_slope","Species richness",3,3.4375,1.31227962315333,3,6.00952079902631
"89","EDIA-02","T2",25,"inner_reef","steep_slope","Species richness",5,9.05,4.1956089058573,5,17.2732423486958
"90","EDIA-02","T4",24.2,"inner_reef","gentle_slope","Species richness",3,3.875,0.920431962093578,3,5.67901349592295
"91","EDIA-02","T5",20,"inner_reef","gentle_slope","Species richness",6,8.025,4.77284561240975,6,17.3796055040931
"92","EDIA-02","T6",19.1,"inner_reef","gentle_slope","Species richness",4,7.6,2.85833249403645,4,13.202228744152
"93","EDIA-02","T7",15.4,"inner_reef","moderate_slope","Species richness",7,14.3333333333333,6.50425338931288,7,27.0814357227092
"94","EDIA-02","T8",15.2,"inner_reef","moderate_slope","Species richness",6,6.92857142857143,2.30519851757907,6,11.4466775002415
"95","EDIA-02","T9",9,"inner_reef","steep_slope","Species richness",5,9.21875,3.93658078095058,5,16.9343065528957
"96","EDNA-01","T10",19.1,"outer_slope","flat","Species richness",1,1,0,1,1
"97","EDNA-01","T11",14,"outer_slope","moderate_slope","Species richness",1,1,0,1,1
"98","EDNA-01","T12",9.8,"outer_slope","flat","Species richness",5,5,0.755983437202235,5,6.48170030982518
"99","EDNA-01","T3",79,"outer_slope","moderate_slope","Species richness",5,5.88888888888889,2.70094204236208,5,11.1826380162486
"100","EDNA-01","T7",48,"outer_slope","moderate_slope","Species richness",2,2.33333333333333,1.02546696269675,2,4.34321164755464
"101","EDNA-01","T8",39,"outer_slope","moderate_slope","Species richness",9,18.4736842105263,7.8624975551525,9,33.8838962471594
"102","EDNA-01","T9",26.7,"outer_slope","gentle_slope","Species richness",4,4.47222222222222,1.43066509020617,4,7.27627427296506
"103","FLIN-01","T1",35.6,"outer_slope","steep_slope","Species richness",6,7.33333333333333,3.38822443855049,6,13.9741312044307
"104","FLIN-01","T1",41.5,"outer_slope","steep_slope","Species richness",3,5,1.45837878717043,3,7.85836989867124
"105","FLIN-01","T10",45.7,"outer_slope","gentle_slope","Species richness",1,1,0,1,1
"106","FLIN-01","T2",34.3,"outer_slope","steep_slope","Species richness",2,2.5,0.62449979983984,2,3.72399711603856
"107","FLIN-01","T2",37.1,"outer_slope","wall","Species richness",4,6.5,2.89873709875124,4,12.1814203142026
"108","FLIN-01","T3",30.2,"outer_slope","steep_slope","Species richness",3,3.42857142857143,1.22434842515189,3,5.82825024639747
"109","FLIN-01","T3",42.1,"outer_slope","wall","Species richness",1,1,0,1,1
"110","FLIN-01","T4",25.3,"outer_slope","steep_slope","Species richness",2,2,0.429234695990928,2,2.84128454505722
"111","FLIN-01","T4",35.2,"outer_slope","wall","Species richness",3,5,1.4518999511032,3,7.84567161331773
"112","FLIN-01","T5",20.4,"outer_slope","steep_slope","Species richness",3,3.8,1.51207262932825,3,6.76360789549214
"113","FLIN-01","T6",15.3,"outer_slope","steep_slope","Species richness",3,4.5,1.99251123211414,3,8.40525025373524
"114","FLIN-01","T6",34.3,"outer_slope","steep_slope","Species richness",1,1,0,1,1
"115","FLIN-01","T7",45.2,"outer_slope","wall","Species richness",1,1,0,1,1
"116","FLIN-01","T7",67.1,"outer_slope","gentle_slope","Species richness",1,1,0,1,1
"117","FLIN-01","T7",9.9,"outer_slope","moderate_slope","Species richness",4,5.75,1.7851938146931,4,9.24891558222216
"118","FLIN-01","T8",5.2,"outer_slope","gentle_slope","Species richness",3,3.85714285714286,0.900738376421364,3,5.62255763442181
"119","FLIN-02","T4",40,"lagoon","flat","Species richness",1,1,0,1,1
"120","FLIN-02","T5",41.5,"lagoon","flat","Species richness",1,1,0,1,1
"121","FLIN-02","T6",43.3,"lagoon","flat","Species richness",3,3.45,1.4265072438185,3,6.24590282156977
"122","FLIN-02","T7",44,"lagoon","flat","Species richness",3,4.5,1.88836816946123,3,8.20113360169583
"123","FLIN-04","T1",34.1,"lagoon","flat","Species richness",3,3.41666666666667,1.48439412755707,3,6.32602569554128
"124","FLIN-04","T5",18.8,"lagoon","gentle_slope","Species richness",4,4.95454545454546,0.758128448529329,4,6.44044990931817
"125","FRAN-01","T10",8,"outer_slope","gentle_slope","Species richness",2,2.33333333333333,1.29895062541758,2,4.87922977684757
"126","FRAN-01","T7",35,"outer_slope","steep_slope","Species richness",6,18.5,4.81143914947631,9.0697525532204,27.9302474467796
"127","FRAN-01","T8",25,"outer_slope","moderate_slope","Species richness",8,9.4,3.66520579289926,8,16.5836713500101
"128","FRAN-01","T9",14,"outer_slope","moderate_slope","Species richness",4,6.75,1.86008823230848,4,10.3957059433914
"129","FRED-01","T1",34.8,"inner_reef","gentle_slope","Species richness",3,3,0.621097665915805,3,4.21732905607687
"130","FRED-02","T14",24,"lagoon","gentle_slope","Species richness",1,1,0,1,1
"131","GEOR-01","T10",51.4,"outer_slope","moderate_slope","Species richness",2,2,0.377525168068637,2,2.73993573267196
"132","GEOR-01","T13",41.2,"outer_slope","steep_slope","Species richness",1,1,0,1,1
"133","GEOR-01","T14",36.2,"outer_slope","moderate_slope","Species richness",4,5.71428571428571,1.94911510190606,4,9.5344811157447
"134","GEOR-01","T15",32.6,"outer_slope","gentle_slope","Species richness",2,2,0.32659863237109,2,2.64012155684737
"135","HERA-01","T2",35.3,"passage","flat","Species richness",1,1,0,1,1
"136","HERA-01","T4",43.5,"passage","gentle_slope","Species richness",3,3,0.621334744679351,3,4.21779372191492
"137","HERA-01","T5",43.8,"passage","gentle_slope","Species richness",5,7.72727272727273,2.22240950041475,5,12.0831153069853
"138","HERA-01","T6",41.7,"passage","gentle_slope","Species richness",9,16.6666666666667,8.32656666743874,9,32.9864374497183
"139","HERA-01","T7",40.5,"passage","gentle_slope","Species richness",8,8.64197530864197,2.64865495312998,8,13.8332436242504
"140","HERA-01","T8",40.4,"passage","gentle_slope","Species richness",8,8.24107142857143,2.12689094513343,8,12.4097010800773
"141","HERA-01","T9",37.1,"passage","gentle_slope","Species richness",9,9.64285714285714,2.60998459998852,9,14.7583329590388
"142","HERM-01","T1",46.2,"lagoon","flat","Species richness",5,5,1.0561061957205,5,7.06993010746179
"143","HERM-01","T10",30.3,"lagoon","flat","Species richness",8,12.3125,5.75291679570504,8,23.5880097256375
"144","HERM-01","T11",31,"lagoon","flat","Species richness",7,7.1171875,2.81790097972447,7,12.6401719322601
"145","HERM-01","T12",33.2,"lagoon","flat","Species richness",1,1,0,1,1
"146","HERM-01","T13",21.1,"lagoon","flat","Species richness",2,2,0.287623491264661,2,2.56373168398641
"147","HERM-01","T14",22,"lagoon","flat","Species richness",3,3.8,1.48318385355098,3,6.70698693541126
"148","HERM-01","T16",23.7,"lagoon","gentle_slope","Species richness",1,1,0,1,1
"149","HERM-01","T17",14.1,"lagoon","moderate_slope","Species richness",4,7.6,3.13454264219799,4,13.7435906867131
"150","HERM-01","T18",15.2,"lagoon","moderate_slope","Species richness",4,4.9,1.69546304869642,4,8.22304651256346
"151","HERM-01","T19",13.5,"lagoon","moderate_slope","Species richness",6,6.11538461538461,2.60201031576401,6,11.2152311216838
"152","HERM-01","T2",46.6,"lagoon","flat","Species richness",3,3.9,0.808449538663766,3,5.484531979099
"153","HERM-01","T2",48.1,"lagoon","flat","Species richness",2,2,0.479372485441102,2,2.93955280664401
"154","HERM-01","T20",10.2,"lagoon","moderate_slope","Species richness",6,15,4.72190454293882,6,24.2547628425962
"155","HERM-01","T3",46.8,"lagoon","flat","Species richness",2,2,0.256432399976243,2,2.50259826842261
"156","HERM-01","T4",47.1,"lagoon","flat","Species richness",1,1,0,1,1
"157","HERM-01","T5",38.7,"lagoon","flat","Species richness",1,1,0,1,1
"158","HERM-01","T5",46.4,"lagoon","flat","Species richness",1,1,0,1,1
"159","HERM-01","T6",40.2,"lagoon","flat","Species richness",2,2.5,0.735310695000296,2,3.9411824796477
"160","HERM-01","T7",41.2,"lagoon","flat","Species richness",3,3,0.678865661127874,3,4.33055224615161
"161","HERM-01","T7",47.7,"lagoon","flat","Species richness",3,4.5,2.25461927624335,3,8.91897258028673
"162","HERM-01","T8",42.5,"lagoon","flat","Species richness",3,3.41666666666667,1.23611792076209,3,5.83941327200489
"163","HERM-01","T8",47.9,"lagoon","flat","Species richness",2,2,0.301511344577764,2,2.59095137630266
"164","HERM-01","T9",30.1,"lagoon","flat","Species richness",8,29.7777777777778,10.8271961665996,8.55686323769246,50.9986923178631
"165","HOLM-01","T1",55,"outer_slope","steep_slope","Species richness",2,2.33333333333333,1.26413001362915,2,4.81098263182259
"166","HOLM-01","T10",34.7,"outer_slope","gentle_slope","Species richness",3,4.5,1.90570647575044,3,8.23511605757562
"167","HOLM-01","T2",51,"outer_slope","steep_slope","Species richness",5,6.81818181818182,2.43340640531955,5,11.5875707323572
"168","HOLM-01","T3",52.4,"outer_slope","steep_slope","Species richness",1,1,0,1,1
"169","HOLM-01","T4",55,"outer_slope","steep_slope","Species richness",1,1,0,1,1
"170","HOLM-01","T5",46.4,"outer_slope","moderate_slope","Species richness",3,3,0.342313148730335,3,3.67092144294596
"171","HOLM-01","T6",42.5,"outer_slope","moderate_slope","Species richness",3,3,0.548951888268808,3,4.07592593025212
"172","HOLM-01","T7",43,"outer_slope","moderate_slope","Species richness",2,2.5,0.66929406500771,2,3.81179226248152
"173","HOLM-01","T8",36.8,"outer_slope","moderate_slope","Species richness",4,5.75,2.34915172276099,4,10.3542527708318
"174","HOLM-01","T9",36,"outer_slope","moderate_slope","Species richness",5,5.46875,1.45139599775185,5,8.3134338828992
"175","HOLM-02","T1",62.7,"outer_slope","steep_slope","Species richness",2,2.5,0.719058728161653,2,3.90932920996602
"176","HOLM-02","T10",37,"outer_slope","gentle_slope","Species richness",6,10.1538461538462,3.96638940783083,6,17.9278265418557
"177","HOLM-02","T11",35,"outer_slope","gentle_slope","Species richness",12,50.25,22.1345903190699,12,93.632999837926
"178","HOLM-02","T12",31.2,"outer_slope","gentle_slope","Species richness",4,4.83333333333333,2.00677514052932,4,8.7665403338411
"179","HOLM-02","T13",28,"outer_slope","gentle_slope","Species richness",10,13.8095238095238,4.77334889298669,10,23.1651157254218
"180","HOLM-02","T2",63.7,"outer_slope","steep_slope","Species richness",2,2,0.301511344577764,2,2.59095137630266
"181","HOLM-02","T4",63.2,"outer_slope","steep_slope","Species richness",2,2,0.32659863237109,2,2.64012155684737
"182","HOLM-02","T6",56.6,"outer_slope","steep_slope","Species richness",1,1,0,1,1
"183","HOLM-02","T7",54.5,"outer_slope","steep_slope","Species richness",3,5,1.47837384500309,3,7.89755949189206
"184","HOLM-02","T9",45,"outer_slope","wall","Species richness",2,2.5,0.690849279707758,2,3.85403970697264
"185","HOLM-03","T10",9.6,"outer_slope","gentle_slope","Species richness",6,7.88235294117647,3.19372880641835,6,14.1419463781445
"186","HOLM-03","T11",2.3,"outer_slope","gentle_slope","Species richness",7,12.8965517241379,5.27266812894996,7,23.230791359312
"187","HOLM-03","T2",46.8,"outer_slope","gentle_slope","Species richness",1,1,0,1,1
"188","HOLM-03","T3",41.6,"outer_slope","gentle_slope","Species richness",1,1,0,1,1
"189","HOLM-03","T5",32.2,"outer_slope","gentle_slope","Species richness",1,1,0,1,1
"190","HOLM-03","T6",27.3,"outer_slope","gentle_slope","Species richness",3,3.41666666666667,1.27017280123832,3,5.90615961123613
"191","HOLM-03","T7",22.4,"outer_slope","gentle_slope","Species richness",3,3.8,1.49176730657623,3,6.72381019420373
"192","HOLM-03","T8",18.2,"outer_slope","gentle_slope","Species richness",4,4,0.577871670389085,4,5.13260766164861
"193","HOLM-03","T8",61.6,"outer_slope","gentle_slope","Species richness",1,1,0,1,1
"194","HOLM-03","T9",12.6,"outer_slope","gentle_slope","Species richness",6,8.8,3.04604207130534,6,14.7701327551523
"195","HOLM-03","T9",57.1,"outer_slope","gentle_slope","Species richness",1,1,0,1,1
"196","HOLM-04","T10",7,"outer_slope","moderate_slope","Species richness",1,1,0,1,1
"197","HOLM-04","T11",3,"outer_slope","gentle_slope","Species richness",4,6.5,2.72562712231085,4,11.8421309950148
"198","HOLM-04","T3",41,"outer_slope","gentle_slope","Species richness",2,2.33333333333333,1.22817649725824,2,4.74051503461803
"199","HOLM-04","T4",37,"outer_slope","gentle_slope","Species richness",3,3,0.558794966893272,3,4.09521800985306
"200","HOLM-04","T5",32,"outer_slope","gentle_slope","Species richness",7,14.3333333333333,8.09752757338586,7,30.2041957409896
"201","HOLM-04","T6",28,"outer_slope","gentle_slope","Species richness",3,3.8,1.12566209473143,3,6.00625716443552
"202","HOLM-04","T6",71,"outer_slope","wall","Species richness",1,1,0,1,1
"203","HOLM-04","T7",22,"outer_slope","gentle_slope","Species richness",7,10.7333333333333,5.26679063432928,7,21.0560532907316
"204","HOLM-04","T8",17,"outer_slope","gentle_slope","Species richness",9,20.9565217391304,11.5272939732511,9,43.5496027659082
"205","HOLM-04","T9",12,"outer_slope","moderate_slope","Species richness",5,6.92857142857143,3.67377059623124,5,14.1290294846469
"206","HSUP-01","T1",61.3,"outer_slope","steep_slope","Species richness",2,2.5,0.661266003415212,2,3.79605755089456
"207","HSUP-01","T2",55.5,"outer_slope","steep_slope","Species richness",3,4.5,1.84825197241484,3,8.12250730028821
"208","HSUP-01","T3",47.6,"outer_slope","steep_slope","Species richness",5,5.88888888888889,2.43119842388097,5,10.6539502389661
"209","HSUP-01","T4",39.6,"outer_slope","steep_slope","Species richness",5,5.47619047619048,1.21959955906032,5,7.86656168750963
"210","HSUP-01","T5",28.4,"outer_slope","gentle_slope","Species richness",9,11.2,5.04371939026894,9,21.0855083530534
"211","HSUP-01","T6",18.6,"outer_slope","moderate_slope","Species richness",8,13.75,5.2533827507777,8,24.0464409885283
"212","HSUP-01","T7",13.7,"outer_slope","steep_slope","Species richness",11,11.6486486486486,3.08606299097943,11,17.6972209649903
"213","HSUP-01","T8",9.6,"outer_slope","steep_slope","Species richness",9,11.175,5.44261083088478,9,21.8423212104018
"214","JULI-01","T1",98,"outer_slope","steep_slope","Species richness",1,1,0,1,1
"215","JULI-01","T3",68,"outer_slope","flat","Species richness",1,1,0,1,1
"216","JULI-01","T7",34.9,"outer_slope","gentle_slope","Species richness",6,8.86363636363636,2.11708391583881,6,13.0130445909295
"217","JULI-01","T8",28,"outer_slope","gentle_slope","Species richness",2,2,0.196946385566932,2,2.38600782259653
"218","JULI-02","T2",94.2,"outer_slope","moderate_slope","Species richness",1,1,0,1,1
"219","JULI-02","T3",86.4,"outer_slope","moderate_slope","Species richness",1,1,0,1,1
"220","JULI-02","T4",77,"outer_slope","moderate_slope","Species richness",2,2,0.256432399976243,2,2.50259826842261
"221","JULI-02","T5",67.1,"outer_slope","moderate_slope","Species richness",4,4.21875,1.62837004791892,4,7.41029664742484
"222","JULI-02","T6",59.1,"outer_slope","gentle_slope","Species richness",1,1,0,1,1
"223","JULI-02","T8",47.6,"outer_slope","gentle_slope","Species richness",5,5,0.748596958772895,5,6.46722307813109
"224","JULI-02","T9",35.4,"outer_slope","moderate_slope","Species richness",6,13.1111111111111,6.1386966416668,6,25.142735440795
"225","KENN-01","T1",40.8,"outer_slope","steep_slope","Species richness",6,10.125,4.35154575719848,6,18.6538729611871
"226","KENN-01","T2",31.1,"outer_slope","steep_slope","Species richness",7,18.25,7.42400580018713,7,32.8007839893832
"227","KENN-01","T3",31.4,"outer_slope","gentle_slope","Species richness",11,13.1964285714286,4.45687865196257,11,21.9317502127406
"228","KENN-01","T4",32.3,"outer_slope","gentle_slope","Species richness",4,5.75,2.28931663970284,4,10.2369781630258
"229","KENN-02","T4",20,"lagoon","gentle_slope","Species richness",1,1,0,1,1
"230","LORN-01","T1",45.1,"outer_slope","flat","Species richness",3,3,0.37359782943247,3,3.73223829038998
"231","LORN-01","T10",4,"outer_slope","flat","Species richness",4,5.71428571428571,1.93124233841767,4,9.49945114300327
"232","LORN-01","T12",55.6,"outer_slope","steep_slope","Species richness",2,2.5,0.719058728161653,2,3.90932920996602
"233","LORN-01","T13",55.2,"outer_slope","steep_slope","Species richness",3,5,1.42644574896751,3,7.79578229387658
"234","LORN-01","T5",31.7,"outer_slope","flat","Species richness",1,1,0,1,1
"235","LORN-01","T6",32.5,"outer_slope","flat","Species richness",4,5.71428571428571,2.24827701500018,4,10.1208276909553
"236","LORN-01","T6",46,"outer_slope","steep_slope","Species richness",1,1,0,1,1
"237","LORN-01","T7",34,"outer_slope","flat","Species richness",3,3,0.582634863219138,3,4.14194334804693
"238","LORN-01","T7",36.5,"outer_slope","flat","Species richness",2,2.33333333333333,1.26979942210987,2,4.82209446825846
"239","LORN-01","T8",27,"outer_slope","flat","Species richness",3,3.44444444444444,1.33668256864256,3,6.06429413774636
"240","LORN-01","T8",40,"outer_slope","gentle_slope","Species richness",6,6.15625,2.4107110970746,6,10.8811569273973
"241","LORN-01","T9",44.8,"outer_slope","gentle_slope","Species richness",5,5.90909090909091,1.94953672336141,5,9.7301126734175
"242","LORN-01","T9",9,"outer_slope","flat","Species richness",5,10.1428571428571,4.53323897642717,5,19.0278422699676
"243","LORN-02","T4",15,"lagoon","flat","Species richness",7,7.12222222222222,2.7264897824724,7,12.4660440000846
"244","LORN-02","T5",7,"lagoon","flat","Species richness",7,10.6363636363636,5.31710488504349,7,21.0576977130709
"245","MARG-01","T10",9,"outer_slope","gentle_slope","Species richness",12,23.7395833333333,12.9814446556269,12,49.1827473256619
"246","MARG-01","T5",53.3,"outer_slope","steep_slope","Species richness",2,2.33333333333333,1.26732217665392,2,4.81723915638393
"247","MARG-01","T6",43.6,"outer_slope","moderate_slope","Species richness",5,9,3.41378337731765,5,15.6908924705641
"248","MARG-01","T7",34.2,"outer_slope","moderate_slope","Species richness",1,1,0,1,1
"249","MARG-01","T8",25.2,"outer_slope","moderate_slope","Species richness",10,36.7272727272727,13.1754286047173,10.903907181148,62.5506382733974
"250","MARG-01","T9",17.3,"outer_slope","gentle_slope","Species richness",2,2,0.479372485441102,2,2.93955280664401
"251","MARG-02","T10",6.4,"lagoon","moderate_slope","Species richness",6,10.390243902439,4.73500111193203,6,19.6706755485829
"252","MARG-02","T2",42.2,"lagoon","moderate_slope","Species richness",1,1,0,1,1
"253","MARG-02","T3",34.5,"lagoon","moderate_slope","Species richness",1,1,0,1,1
"254","MARG-02","T4",34.9,"lagoon","moderate_slope","Species richness",1,1,0,1,1
"255","MARG-02","T8",13.8,"lagoon","moderate_slope","Species richness",2,2,0.492365963917331,2,2.96501955649132
"256","MARG-02","T9",7.7,"lagoon","moderate_slope","Species richness",5,6.96875,1.91232304224397,5,10.7168342896043
"257","MARI-01","T1",33.9,"lagoon","flat","Species richness",3,3.88888888888889,0.988609526864907,3,5.82652795631729
"258","MARI-01","T6",35,"lagoon","flat","Species richness",3,3.83333333333333,1.1495067380145,3,6.08632513982788
"259","MARI-02","T1",18,"lagoon","flat","Species richness",4,4.225,1.77888293458268,4,7.71154648449498
"260","MARI-02","T10",45,"lagoon","flat","Species richness",5,5,1.19028200983007,5,7.33290987071289
"261","MARI-02","T11",46,"lagoon","flat","Species richness",1,1,0,1,1
"262","MARI-02","T12",46,"lagoon","flat","Species richness",5,9.09090909090909,3.96508309141981,5,16.8623291458007
"263","MARI-02","T13",48,"lagoon","flat","Species richness",3,3.8,1.5009545784149,3,6.7418169161237
"264","MARI-02","T14",45,"lagoon","flat","Species richness",3,3.8,1.3354286566379,3,6.41739207093298
"265","MARI-02","T15",44,"lagoon","flat","Species richness",3,3.8,1.17654519074219,3,6.10598620003851
"266","MARI-02","T16",46,"lagoon","flat","Species richness",5,5.90909090909091,2.29933237018536,5,10.4156995431413
"267","MARI-02","T17",54,"lagoon","flat","Species richness",3,3.2,1.62478157040113,3,6.38451336073064
"268","MARI-02","T4",38,"lagoon","flat","Species richness",3,3.45454545454545,1.2439836850344,3,5.8927086745683
"269","MARI-02","T5",41,"lagoon","flat","Species richness",3,3.83333333333333,1.21342419970922,3,6.21160106273274
"270","MARI-02","T6",43,"lagoon","flat","Species richness",3,4.5,2.01007563051842,3,8.43967584201775
"271","MARI-02","T7",44,"lagoon","flat","Species richness",5,5.9,2.39181865212362,5,10.5878784157134
"272","MARI-02","T9",44,"lagoon","flat","Species richness",6,9.5,4.97824795967073,6,19.2571867070646
"273","MIDD-01","T1",40,"inner_reef","flat","Species richness",4,7.6,3.36319713211922,4,14.1917452518621
"274","MIDD-01","T10",5,"inner_reef","flat","Species richness",1,1,0,1,1
"275","MIDD-01","T2",40,"inner_reef","flat","Species richness",2,2.5,0.697234798067598,2,3.86655509298055
"276","MIDD-01","T3",30,"inner_reef","flat","Species richness",4,4.83333333333333,1.93710736943472,4,8.62999401161251
"277","MIDD-01","T5",26,"inner_reef","flat","Species richness",2,2,0.468826172262151,2,2.91888241264359
"278","MIDD-01","T6",21,"inner_reef","steep_slope","Species richness",8,15.6,6.52690011776696,8,28.3924891615135
"279","MIDD-01","T7",11,"inner_reef","flat","Species richness",7,9.90909090909091,3.19650265050917,7,16.1741209805757
"280","MIDD-01","T8",10,"inner_reef","flat","Species richness",7,7.24444444444444,1.68998936324649,7,10.5567627306633
"281","MIDD-01","T9",4,"inner_reef","flat","Species richness",3,3.44444444444444,1.25965729498565,3,5.91332737547947
"282","OBSN-01","T10",5,"outer_slope","wall","Species richness",7,14.68,5.84370459502698,7,26.1334505425441
"283","OBSN-01","T11",5,"outer_slope","wall","Species richness",7,8.92307692307692,2.29466909289572,7,13.4205457015897
"284","OBSN-01","T4",63,"outer_slope","wall","Species richness",1,1,0,1,1
"285","OBSN-01","T7",33,"outer_slope","wall","Species richness",2,2,0.1,2,2.19599639845401
"286","OBSN-01","T8",25,"outer_slope","wall","Species richness",5,5.88888888888889,2.66065071499631,5,11.1036684657224
"287","OBSN-01","T9",16,"outer_slope","wall","Species richness",5,7.7,2.24003032537193,5,12.0903787620065
"288","OSPR-01","T12",44.7,"outer_slope","wall","Species richness",1,1,0,1,1
"289","OSPR-01","T14",55,"outer_slope","steep_slope","Species richness",3,4.5,2.23197041180924,3,8.87458162170515
"290","OSPR-01","T15",52.4,"outer_slope","steep_slope","Species richness",3,5,1.27825638818642,3,7.50533648385363
"291","OSPR-01","T16",38.2,"outer_slope","wall","Species richness",2,2.5,0.75,2,3.96997298840504
"292","OSPR-01","T16",66.2,"outer_slope","steep_slope","Species richness",1,1,0,1,1
"293","OSPR-01","T17",35.3,"outer_slope","steep_slope","Species richness",5,13,4.17598908625069,5,21.1847882088837
"294","OSPR-01","T18",33.3,"outer_slope","wall","Species richness",3,4.5,1.77066443044766,3,7.97043851238353
"295","OSPR-01","T19",28.2,"outer_slope","wall","Species richness",5,13,3.25754508794583,6.61532894961081,19.3846710503892
"296","OSPR-01","T19",53.2,"outer_slope","steep_slope","Species richness",1,1,0,1,1
"297","OSPR-01","T21",21.8,"outer_slope","steep_slope","Species richness",10,43.2307692307692,14.9174199410517,13.9931634040483,72.4683750574902
"298","OSPR-01","T21",52.8,"outer_slope","steep_slope","Species richness",2,2.5,0.703239258393226,2,3.87832361896538
"299","OSPR-01","T22",18.8,"outer_slope","wall","Species richness",3,5,1.35676382646652,3,7.65920823540114
"300","OSPR-01","T22",47.8,"outer_slope","moderate_slope","Species richness",4,4.88888888888889,1.26316486828694,4,7.36464653726758
"301","OSPR-01","T23",16.4,"outer_slope","wall","Species richness",6,18.5,4.99208436277603,8.7156944411734,28.2843055588266
"302","OSPR-01","T24",14.1,"outer_slope","wall","Species richness",5,7.78571428571429,2.1608573885566,5,12.0209169430125
"303","OSPR-01","T24",41.2,"outer_slope","wall","Species richness",1,1,0,1,1
"304","OSPR-01","T25",32.8,"outer_slope","moderate_slope","Species richness",2,2.33333333333333,1.12524345788197,2,4.53876998462131
"305","OSPR-01","T25",9.1,"outer_slope","wall","Species richness",7,14.6923076923077,6.09159010057962,7,26.6316048980245
"306","OSPR-01","T26",35.7,"outer_slope","gentle_slope","Species richness",2,2.33333333333333,1.08568896960434,2,4.46124461217025
"307","OSPR-01","T26",7.1,"outer_slope","wall","Species richness",5,7.84210526315789,1.84583678788086,5,11.4598788887435
"308","OSPR-01","T27",36.6,"outer_slope","moderate_slope","Species richness",6,18.5,4.72346804718917,9.24217274538349,27.7578272546165
"309","OSPR-01","T27",7,"outer_slope","steep_slope","Species richness",4,4.90909090909091,1.48858605050298,4,7.82666595596547
"310","OSPR-01","T28",28.8,"outer_slope","moderate_slope","Species richness",3,3.41666666666667,1.28598020583007,3,5.93714155492501
"311","OSPR-01","T29",25.5,"outer_slope","moderate_slope","Species richness",4,6.66666666666667,1.77856884756519,4,10.1525975519193
"312","OSPR-01","T3",77.2,"outer_slope","steep_slope","Species richness",1,1,0,1,1
"313","OSPR-01","T30",23.7,"outer_slope","moderate_slope","Species richness",3,3,0.624814315851461,3,4.2246135560939
"314","OSPR-01","T31",18.9,"outer_slope","steep_slope","Species richness",1,1,0,1,1
"315","OSPR-01","T32",15.4,"outer_slope","steep_slope","Species richness",5,8.9375,3.82531237004871,5,16.434974474911
"316","OSPR-01","T33",12.7,"outer_slope","moderate_slope","Species richness",3,5,1.46648300043757,3,7.87425386479788
"317","OSPR-01","T34",5.1,"outer_slope","moderate_slope","Species richness",6,6.48333333333333,1.88371384138693,6,10.1753446196313
"318","OSPR-01","T35",7.1,"outer_slope","moderate_slope","Species richness",5,7.8125,1.93151667435537,5,11.5982031172751
"319","OSPR-01","T36",9.1,"outer_slope","moderate_slope","Species richness",2,2,0.301511344577764,2,2.59095137630266
"320","OSPR-01","T7",67.8,"outer_slope","steep_slope","Species richness",1,1,0,1,1
"321","OSPR-01","T7",96.3,"outer_slope","wall","Species richness",1,1,0,1,1
"322","OSPR-01","T8",65.8,"outer_slope","steep_slope","Species richness",1,1,0,1,1
"323","OSPR-01","T9",63.2,"outer_slope","moderate_slope","Species richness",1,1,0,1,1
"324","OSPR-02","T1",47.7,"outer_slope","steep_slope","Species richness",3,3.8,1.49543547929266,3,6.73099968061701
"325","OSPR-02","T10",12.7,"outer_slope","moderate_slope","Species richness",8,12.3714285714286,5.38472753532178,8,22.9253006072204
"326","OSPR-02","T10",68,"outer_slope","steep_slope","Species richness",1,1,0,1,1
"327","OSPR-02","T11",15.8,"outer_slope","steep_slope","Species richness",4,7.6,3.23821873968708,4,13.9467921038494
"328","OSPR-02","T11",64.2,"outer_slope","steep_slope","Species richness",1,1,0,1,1
"329","OSPR-02","T12",18.2,"outer_slope","wall","Species richness",4,8.5,2.33303028335045,4,13.0726553302082
"330","OSPR-02","T12",61.4,"outer_slope","steep_slope","Species richness",1,1,0,1,1
"331","OSPR-02","T13",9.4,"outer_slope","moderate_slope","Species richness",6,6.95,2.12998067027002,6,11.1246854014957
"332","OSPR-02","T14",7.3,"outer_slope","moderate_slope","Species richness",9,14.8775510204082,4.6941208831553,9,24.0778588904699
"333","OSPR-02","T15",6.1,"outer_slope","gentle_slope","Species richness",10,12.9739130434783,3.61755839366138,10,20.0641972070251
"334","OSPR-02","T16",47.8,"outer_slope","moderate_slope","Species richness",2,2,0.472581562625261,2,2.92624284250317
"335","OSPR-02","T19",33.2,"outer_slope","steep_slope","Species richness",4,4.83333333333333,1.63095988998457,4,8.02995597793251
"336","OSPR-02","T20",27.7,"outer_slope","steep_slope","Species richness",3,3.2,1.46957837697096,3,6.08032069132191
"337","OSPR-02","T21",21.4,"outer_slope","moderate_slope","Species richness",4,7.6,2.9862310288348,4,13.4529052660322
"338","OSPR-02","T22",17.1,"outer_slope","wall","Species richness",3,5,1.45437148230077,3,7.85051572545164
"339","OSPR-02","T23",14.1,"outer_slope","steep_slope","Species richness",8,12.32,4.5595497888686,8,21.2565533718997
"340","OSPR-02","T24",6.2,"outer_slope","moderate_slope","Species richness",14,28.8695652173913,13.9661299259376,14,56.2426768756361
"341","OSPR-02","T25",8.2,"outer_slope","moderate_slope","Species richness",10,27.6727272727273,11.4128442001087,10,50.0414908661071
"342","OSPR-02","T3",42.3,"outer_slope","moderate_slope","Species richness",6,13.4285714285714,6.45628026097744,6,26.0826482141841
"343","OSPR-02","T4",32.2,"outer_slope","steep_slope","Species richness",2,2.33333333333333,1.42946388669564,2,5.13503106845743
"344","OSPR-02","T5",35,"outer_slope","steep_slope","Species richness",1,1,0,1,1
"345","OSPR-02","T6",38.1,"outer_slope","steep_slope","Species richness",2,2,0.460566186471838,2,2.90269313798176
"346","OSPR-02","T6",80.6,"outer_slope","steep_slope","Species richness",2,2.33333333333333,1.28665776937312,2,4.85513622173329
"347","OSPR-02","T7",28,"outer_slope","steep_slope","Species richness",2,2,0.368452949177471,2,2.72215451038541
"348","OSPR-02","T7",71.6,"outer_slope","steep_slope","Species richness",1,1,0,1,1
"349","OSPR-02","T8",24.9,"outer_slope","steep_slope","Species richness",3,4.5,1.85081881961209,3,8.12753822834864
"350","OSPR-02","T9",23.1,"outer_slope","wall","Species richness",4,4.88888888888889,1.28121287155849,4,7.40001997367268
"351","OSPR-03","T1",55.6,"outer_slope","wall","Species richness",1,1,0,1,1
"352","OSPR-03","T10",18.1,"outer_slope","steep_slope","Species richness",4,8.5,2.21140295520808,4.16572985248672,12.8342701475133
"353","OSPR-03","T11",8.3,"outer_slope","moderate_slope","Species richness",9,16.8620689655172,6.4242521759143,9,29.4533718579123
"354","OSPR-03","T12",6.4,"outer_slope","moderate_slope","Species richness",12,16.4707792207792,4.00624127709652,12,24.3228678372662
"355","OSPR-03","T13",96.5,"outer_slope","wall","Species richness",1,1,0,1,1
"356","OSPR-03","T16",81.1,"outer_slope","steep_slope","Species richness",1,1,0,1,1
"357","OSPR-03","T19",78.1,"outer_slope","steep_slope","Species richness",1,1,0,1,1
"358","OSPR-03","T2",55.7,"outer_slope","steep_slope","Species richness",1,1,0,1,1
"359","OSPR-03","T21",60.6,"outer_slope","wall","Species richness",1,1,0,1,1
"360","OSPR-03","T22",64.9,"outer_slope","wall","Species richness",2,2.5,0.735310695000296,2,3.9411824796477
"361","OSPR-03","T3",45.8,"outer_slope","wall","Species richness",1,1,0,1,1
"362","OSPR-03","T5",37.5,"outer_slope","steep_slope","Species richness",1,1,0,1,1
"363","OSPR-03","T6",34.3,"outer_slope","steep_slope","Species richness",3,5,1.40922087666796,3,7.76202216453116
"364","OSPR-03","T7",28.2,"outer_slope","wall","Species richness",4,5.71428571428571,2.5653587974467,4,10.7422965647042
"365","OSPR-03","T8",24.4,"outer_slope","steep_slope","Species richness",3,5,1.36731117265719,3,7.67988065406732
"366","OSPR-03","T9",14.5,"outer_slope","wall","Species richness",3,3.8,1.3354286566379,3,6.41739207093298
"367","SAUM-01","T2",29.6,"inner_reef","flat","Species richness",2,2.5,0.708872343937891,2,3.88936426375476
"368","SAUM-01","T4",29.6,"inner_reef","flat","Species richness",2,2,0.358870281282637,2,2.70337282643573
"369","SAUM-01","T5",29.5,"inner_reef","flat","Species richness",2,2,0.31446603773522,2,2.61634210832205
"370","SAUM-01","T6",29.9,"inner_reef","flat","Species richness",1,1,0,1,1
"371","SDIA-01","T1",35.3,"lagoon","flat","Species richness",1,1,0,1,1
"372","SDIA-01","T2",35.6,"lagoon","flat","Species richness",1,1,0,1,1
"373","SDIA-02","T1",15.2,"outer_slope","gentle_slope","Species richness",8,8.97435897435897,2.6845539162588,8,14.2359879647822
"374","SDIA-02","T1",31.5,"outer_slope","flat","Species richness",3,3.875,1.03139150965119,3,5.89649021287672
"375","SDIA-02","T1",95.3,"outer_slope","gentle_slope","Species richness",1,1,0,1,1
"376","SDIA-02","T10",23.7,"outer_slope","gentle_slope","Species richness",3,3.2,1.68842883154485,3,6.50925970028696
"377","SDIA-02","T10",74.1,"outer_slope","gentle_slope","Species richness",1,1,0,1,1
"378","SDIA-02","T11",21.4,"outer_slope","gentle_slope","Species richness",2,2,0.171446607997765,2,2.33602917694718
"379","SDIA-02","T12",20,"outer_slope","gentle_slope","Species richness",4,4.46428571428571,1.37564066285582,4,7.16049186915194
"380","SDIA-02","T13",66.8,"outer_slope","flat","Species richness",1,1,0,1,1
"381","SDIA-02","T15",79,"outer_slope","gentle_slope","Species richness",5,11.6666666666667,4.51202494538141,5,20.5100730569605
"382","SDIA-02","T2",36,"outer_slope","flat","Species richness",3,3.88888888888889,1.14916648659668,3,6.1412138148588
"383","SDIA-02","T2",93.9,"outer_slope","gentle_slope","Species richness",1,1,0,1,1
"384","SDIA-02","T3",43.7,"outer_slope","flat","Species richness",2,2.33333333333333,1.23546544253904,2,4.7548011048537
"385","SDIA-02","T3",94.1,"outer_slope","gentle_slope","Species richness",2,2.33333333333333,1.03201284151434,2,4.35604133428428
"386","SDIA-02","T4",47.5,"outer_slope","flat","Species richness",3,3.8,1.44232556321485,3,6.62690615788255
"387","SDIA-02","T4",97.2,"outer_slope","gentle_slope","Species richness",1,1,0,1,1
"388","SDIA-02","T5",41.7,"outer_slope","flat","Species richness",2,2.33333333333333,1.09483021453246,2,4.47916112300322
"389","SDIA-02","T5",88.7,"outer_slope","gentle_slope","Species richness",2,2.5,0.708872343937891,2,3.88936426375476
"390","SDIA-02","T6",35.1,"outer_slope","flat","Species richness",2,2.33333333333333,1.17214203373579,2,4.63068950422102
"391","SDIA-02","T6",87,"outer_slope","gentle_slope","Species richness",1,1,0,1,1
"392","SDIA-02","T7",33.3,"outer_slope","flat","Species richness",3,4.5,2.29590654615707,3,8.9998941423376
"393","SDIA-02","T7",84.4,"outer_slope","gentle_slope","Species richness",2,2.5,0.723627226986633,2,3.91828330312639
"394","SDIA-02","T8",28.8,"outer_slope","gentle_slope","Species richness",2,2.5,0.661266003415212,2,3.79605755089456
"395","SDIA-02","T8",81.7,"outer_slope","gentle_slope","Species richness",1,1,0,1,1
"396","SDIA-02","T9",24.7,"outer_slope","gentle_slope","Species richness",1,1,0,1,1
"397","SDIA-02","T9",78.2,"outer_slope","gentle_slope","Species richness",2,2.5,0.690849279707758,2,3.85403970697264
"398","SHAR-01","T10",11,"outer_slope","flat","Species richness",5,6.88888888888889,2.61410315931782,5,12.0124369330242
"399","SHAR-01","T2",85,"outer_slope","wall","Species richness",1,1,0,1,1
"400","SHAR-01","T3",77,"outer_slope","moderate_slope","Species richness",1,1,0,1,1
"401","SHAR-01","T7",36,"outer_slope","steep_slope","Species richness",5,5.45833333333333,1.6275912112279,5,8.64835348889394
"402","SHAR-01","T8",28,"outer_slope","gentle_slope","Species richness",3,3,0.411527510025356,3,3.80657909829714
"403","SHAR-01","T9",18,"outer_slope","gentle_slope","Species richness",2,2,0.464823198711732,2,2.9110367286537
"404","SWCA-01","T12",61.2,"outer_slope","flat","Species richness",1,1,0,1,1
"405","SWCA-01","T16",48.1,"outer_slope","steep_slope","Species richness",2,2.5,0.591415866605494,2,3.65915379843231
"406","SWCA-01","T17",44.1,"outer_slope","moderate_slope","Species richness",2,2.33333333333333,1.09982143229731,2,4.48894373006133
"407","SWCA-01","T18",40.5,"outer_slope","moderate_slope","Species richness",4,4.9,1.1459814229372,4,7.14608231590888
"408","SWCA-01","T19",37.4,"outer_slope","moderate_slope","Species richness",3,3,0.287656413314934,3,3.56379621001924
"409","SWCA-01","T20",35,"outer_slope","gentle_slope","Species richness",4,6.66666666666667,1.92735119497115,4,10.4442055943703
"410","SWCA-01","T21",32.1,"outer_slope","steep_slope","Species richness",3,3.8,1.49162645959017,3,6.72353413918372
"411","SWCA-01","T22",27.9,"outer_slope","steep_slope","Species richness",5,6.85714285714286,1.94128038924399,5,10.661982503955
"412","SWCA-01","T23",24.9,"outer_slope","moderate_slope","Species richness",4,4.94117647058824,0.671571294736887,4,6.25743202132347
"413","SWCA-01","T24",22.4,"outer_slope","moderate_slope","Species richness",5,5.88888888888889,2.31352799249142,5,10.4233204313973
"414","SWCA-01","T25",19.4,"outer_slope","gentle_slope","Species richness",10,22.109375,9.58515890869139,10,40.8959412471284
"415","SWCA-01","T26",15.4,"outer_slope","moderate_slope","Species richness",3,3,0.433723309370051,3,3.85008206562082
"416","SWCA-01","T27",11,"outer_slope","steep_slope","Species richness",4,4.22222222222222,1.56205911600059,4,7.28380183130585
"417","TURT-01","T5",61,"outer_slope","wall","Species richness",1,1,0,1,1
"418","TURT-01","T6",50,"outer_slope","wall","Species richness",3,5,1.47405546238018,3,7.88909561747968
"419","WILL-01","T1",35.2,"outer_slope","gentle_slope","Species richness",5,10.4,3.68869467036947,5,17.629708703889
"420","WILL-01","T10",50.4,"outer_slope","steep_slope","Species richness",3,3.41666666666667,1.32640534920243,3,6.0163733800047
"421","WILL-01","T11",50.1,"outer_slope","steep_slope","Species richness",2,2,0.31446603773522,2,2.61634210832205
"422","WILL-01","T12",40,"outer_slope","steep_slope","Species richness",1,1,0,1,1
"423","WILL-01","T13",43,"outer_slope","steep_slope","Species richness",3,5,1.38200719364163,3,7.70868432591287
"424","WILL-01","T14",42,"outer_slope","steep_slope","Species richness",1,1,0,1,1
"425","WILL-01","T15",42,"outer_slope","steep_slope","Species richness",5,5.46666666666667,1.8893746355027,5,9.16977290555545
"426","WILL-01","T2",42.3,"outer_slope","gentle_slope","Species richness",2,2,0.348735088019777,2,2.68350821266417
"427","WILL-01","T3",44.4,"outer_slope","gentle_slope","Species richness",1,1,0,1,1
"428","WILL-01","T4",51.5,"outer_slope","steep_slope","Species richness",3,3.2,1.68898511155981,3,6.51034998908159
"429","WILL-01","T5",52.3,"outer_slope","steep_slope","Species richness",1,1,0,1,1
"430","WILL-01","T6",52.3,"outer_slope","steep_slope","Species richness",2,2.33333333333333,1.24155508729672,2,4.76673658925739
"431","WILL-01","T8",44.8,"outer_slope","steep_slope","Species richness",1,1,0,1,1
"432","WILL-01","T9",44.1,"outer_slope","steep_slope","Species richness",3,3.2,1.58843675137895,3,6.31327882442255
"433","WREC-01","T1",31.5,"outer_slope","gentle_slope","Species richness",6,10.1538461538462,5.10607069012316,6,20.1615608090031
"434","WREC-01","T2",36.5,"outer_slope","gentle_slope","Species richness",6,6.47368421052632,2.07173825258502,6,10.5342165709869
"435","WREC-01","T3",36.3,"outer_slope","gentle_slope","Species richness",9,18.6774193548387,7.1518557549126,9,32.6947990570929
